0.0,0.61,0.61,0.0
0.0,0.0,0.0,0.0,0.0,0.0,0.0,0.0,0.0
0.20439887046813965,0.6524264068711927,0.6524264068711927,0.0
0.4,0.0,0.0,0.0,0.4,0.0,0.0,0.0,0.04
0.40673303604125977,0.7089949493661163,0.7089949493661163,0.0
0.7999999999999999,0.0,0.0,0.0,0.7999999999999999,0.0,0.0,0.0,0.08
0.6097228527069092,0.7655634918610399,0.7655634918610399,0.0
1.2,0.0,0.0,0.0,1.2,0.0,0.0,0.0,0.11999999999999998
0.812129020690918,0.8221320343559635,0.8221320343559635,0.0
1.6000000000000003,0.0,0.0,0.0,1.6000000000000003,0.0,0.0,0.0,0.16
1.0149948596954346,0.8778733267963922,0.8778733267963922,0.0
2.0000000000000004,0.0,0.0,0.0,2.0000000000000004,0.0,0.0,0.0,0.20000000000000004
1.219146966934204,0.926677994172831,0.926677994172831,0.0
2.400000000000001,0.0,0.0,0.0,2.400000000000001,0.0,0.0,0.0,0.24000000000000007
1.423771858215332,0.968336291181499,0.968336291181499,0.0
2.800000000000001,0.0,0.0,0.0,2.800000000000001,0.0,0.0,0.0,0.2800000000000001
1.627910852432251,1.0038934141889415,1.0038934141889415,0.0
3.2000000000000015,0.0,0.0,0.0,3.2000000000000015,0.0,0.0,0.0,0.3200000000000001
1.831833839416504,1.0342417001259772,1.0342417001259772,0.0
3.600000000000002,0.0,0.0,0.0,3.600000000000002,0.0,0.0,0.0,0.36000000000000015
2.03487491607666,1.0601429820695936,1.0601429820695936,0.0
4.000000000000002,0.0,0.0,0.0,4.000000000000002,0.0,0.0,0.0,0.4000000000000002
2.2380049228668213,1.0822476753373313,1.0822476753373313,0.0
4.4,0.0,0.0,0.0,4.4,0.0,0.0,0.0,0.4400000000000002
2.441154956817627,1.1011110722543127,1.1011110722543127,0.0
4.799999999999999,0.0,0.0,0.0,4.799999999999999,0.0,0.0,0.0,0.48000000000000026
2.6447370052337646,1.149138936151028,1.1146774576665628,0.0
5.1999999999999975,0.0,0.0,0.0,5.1999999999999975,0.0,0.0,0.0,0.5200000000000002
2.848140001296997,1.228460268632856,1.1250758331794604,0.0
5.599999999999996,0.0,0.0,0.0,5.599999999999996,0.0,0.0,0.0,0.5600000000000003
3.05079984664917,1.3077816011146843,1.135474208692358,0.0
5.999999999999995,0.0,0.0,0.0,5.999999999999995,0.0,0.0,0.0,0.6000000000000003
3.2531650066375732,1.3821593781818247,1.1452245246736972,0.0
6.399999999999993,0.0,0.0,0.0,6.399999999999993,0.0,0.0,0.0,0.6400000000000003
3.4561049938201904,1.4456471151250718,1.1535472457947922,0.0
6.799999999999992,0.0,0.0,0.0,6.799999999999992,0.0,0.0,0.0,0.6800000000000004
3.658418893814087,1.4998375659002723,1.1606511690238026,0.0
7.19999999999999,0.0,0.0,0.0,7.19999999999999,0.0,0.0,0.0,0.7200000000000004
3.860985040664673,1.5460905149041824,1.1667145509322159,0.0
7.599999999999989,0.0,0.0,0.0,7.599999999999989,0.0,0.0,0.0,0.7600000000000005
4.063731908798218,1.5855668787348791,1.1718895781556855,0.0
7.999999999999988,0.0,0.0,0.0,7.999999999999988,0.0,0.0,0.0,0.8000000000000005
4.266216039657593,1.619257790463579,1.1763061801033035,0.0
8.399999999999986,0.0,0.0,0.0,8.399999999999986,0.0,0.0,0.0,0.8400000000000005
4.47081995010376,1.648009430352959,1.1800752840609285,0.0
8.799999999999985,0.0,0.0,0.0,8.799999999999985,0.0,0.0,0.0,0.8800000000000006
4.67571496963501,1.6725442251010738,1.1832915942380327,0.0
9.199999999999983,0.0,0.0,0.0,9.199999999999983,0.0,0.0,0.0,0.9200000000000006
4.881105899810791,1.7042133491560534,1.2101394325283232,0.06838318624288237
9.599999999999982,0.0,0.0,0.0,9.599999999999982,0.0,0.0,0.0,0.9600000000000006
5.0892698764801025,1.735882473211033,1.2369872708186138,0.13676637248576473
9.99999999999998,0.0,0.0,0.0,9.99999999999998,0.0,0.0,0.0,1.0000000000000007
5.318236827850342,1.7586283435039427,1.2243290353403609,0.19253841618322,3.0511502783603452,2.7225567806147186,3.2097087805856557,0.9453773179037008,4,7
10.213344406807723,-0.004586000869190138,0.022039085812993794,10.176197978952683,0.02469166077966399,10.213128773242781,0.02757991697988337,-0.004586000872919657,10.223216925216061,0.0031647520443790957,-0.012919186251898513,10.221026167407746,5.2346117198483824e-05,10.221953420644326,0.02203908581656124,0.003164752038399649,1.0256737572860195,-1.4858584981945457,1.3331913588249835,0.33484318959651066,1.4736626137868611,10.176197978951068,-0.012919186232073799,-1.4858584982002419,12.37263478550383,-1.9460605492607261,9.718212451290265,-2.145415743449745,0.024691660774968528,10.221026167393381,1.333191358833563,-1.9460605492834224,11.956894176934956,0.434898165025174,12.132620626134978,10.213128773244383,5.234611761406735e-05,0.33484318959299875,9.71821245129449,0.4348981650252729,10.316775945814602,0.4816549598381871,0.027579916986365215,10.221953420639512,1.4736626137908715,-2.1454157434523013,12.13262062613768,0.4816549598468651,12.342282208441867
5.5321009159088135,1.762084213181972,1.220301352287889,0.20425399607851338,3.042105747243281,2.7294045521841572,3.2124522457797946,0.9527376260038352,4,7
10.216535150188669,-0.004984998369508722,0.057767176527594756,10.125475722124769,0.06970482424341304,10.224874034407376,0.0783036941528942,-0.004984998372892774,10.225904513596438,0.008077421472506854,-0.022233754560624954,10.230269322377161,0.0016592775711126177,10.232168409401519,0.057767176541822916,0.008077421477230956,0.9921147209940775,-1.4294130664081541,1.2786028310772999,0.3243942267290276,1.4294102633123487,10.125475722104923,-0.02223375456232036,-1.4294130664233717,12.279533184148175,-1.8575425023804553,9.736292770858878,-2.073788601596378,0.06970482425605197,10.230269322380465,1.2786028310738966,-1.8575425023634646,11.872612574788874,0.417778085993862,12.064757052442411,10.224874034411364,0.0016592775758693206,0.32439422671476786,9.736292770883034,0.4177780859821901,10.313224239064995,0.4676038988930838,0.07830369417195607,10.232168409410734,1.429410263306472,-2.073788601569068,12.06475705244494,0.4676038989104983,12.286145985528819
5.748208999633789,1.7771777890623677,1.229548411749405,0.2505725220170871,3.0257941285824823,2.7446851373880947,3.215751100202845,0.9661895501367807,4,7
10.317687529486006,-0.00398087132548124,0.06531632604864007,10.114561377318706,0.07935104863775833,10.227418757320528,0.08964215841946283,-0.0039808713289621895,10.326408183345062,0.02149333168815015,-0.04168622651602274,10.247643655601836,0.006089506332382576,10.251838813170973,0.06531632606779358,0.02149333169929068,0.9578717842563151,-1.365794255443319,1.2200484178803763,0.31091699610226853,1.372279218967686,10.11456137729076,-0.041686226528066535,-1.3657942554631126,12.187817842902206,-1.7730045316330811,9.755649078755566,-1.992088213930767,0.07935104865700038,10.247643655614054,1.2200484178701152,-1.7730045315988363,11.794680641501666,0.3999421786790669,11.98948942437509,10.227418757325628,0.006089506338869026,0.31091699608308015,9.755649078788835,0.3999421786625567,10.309135848165099,0.4503383850719339,0.0896421584447401,10.2518388131886,1.372279218955755,-1.9920882138878497,11.989489424378242,0.4503383850940467,12.213207647033094
5.957517862319946,1.8062795119834472,1.330705298576203,0.32362084935882574,3.034208322105661,2.7372930549817283,3.2137631869512453,0.957238053039595,4,7
10.32234376952707,0.016303936444420408,-0.046222247279401066,10.253910671682625,-0.045129734067360656,10.195697446689804,-0.05036693755228571,0.01630393644366635,10.403808739090033,-0.006297536167946672,-0.06844779429653756,10.271201470596226,0.012384646313363923,10.280121123516697,-0.04622224726159793,-0.0062975361569119785,0.9136047933520747,-1.2592515296522344,1.1248327746149784,0.28668765611050395,1.2653993041649625,10.253910671658817,-0.06844779430976979,-1.2592515296707572,12.040173695460444,-1.6411294041108864,9.789267609173825,-1.8436877223279735,-0.04512973404896894,10.271201470606474,1.1248327746054596,-1.6411294040797575,11.676889870893739,0.36991452081711435,11.856940595063314,10.195697446696375,0.01238464631819271,0.28668765609269636,9.789267609204474,0.3699145208022289,10.30148076014716,0.4165465494017429,-0.05036693752793333,10.280121123532265,1.2653993041539229,-1.843687722288612,11.856940595066492,0.41654654942202707,12.06403948264314
6.162221908569336,1.8388382082777865,1.356440680734582,0.39201398790923264,3.034208322105661,2.7372930549817283,3.2137631869512453,0.957238053039595,4,7
10.722343769527068,0.016303936444420408,-0.046222247279401066,10.253910671682625,-0.045129734067360656,10.195697446689804,-0.05036693755228571,0.01630393644366635,10.803808739090032,-0.006297536167946672,-0.06844779429653756,10.271201470596226,0.012384646313363923,10.280121123516697,-0.04622224726159793,-0.0062975361569119785,0.9536047933520747,-1.2592515296522344,1.1248327746149784,0.28668765611050395,1.2653993041649625,10.253910671658817,-0.06844779430976979,-1.2592515296707572,12.040173695460444,-1.6411294041108864,9.789267609173825,-1.8436877223279735,-0.04512973404896894,10.271201470606474,1.1248327746054596,-1.6411294040797575,11.676889870893739,0.36991452081711435,11.856940595063314,10.195697446696375,0.01238464631819271,0.28668765609269636,9.789267609204474,0.3699145208022289,10.30148076014716,0.4165465494017429,-0.05036693752793333,10.280121123532265,1.2653993041539229,-1.843687722288612,11.856940595066492,0.41654654942202707,12.06403948264314
6.370776891708374,1.880145784956854,1.3694120559184237,0.45928053437947597,3.03218634063122,2.7390992240911105,3.2142236168090905,0.9592699386189407,2.726866862140156,3.2060399232366943,4,7,3
11.070328100189027,0.001218238179455759,-0.04012691755146663,10.256435454878794,-0.04748612057470492,10.19498321901283,-0.053017835908255255,11.126957215422733,-0.029620477449622113,0.001218238181729803,11.127367574407712,-0.0050220588002384626,-0.0750515779605314,10.276986741092564,0.01388795523017586,10.286643524495389,0.014194335664016247,11.112879661651242,-0.04012691753363899,-0.005022058788854153,0.9928862967191284,-1.2595887440792677,1.1251421128748451,0.28678754441914345,1.2657483853257032,-1.8446396270200431,0.8513849849203499,10.256435454855337,-0.07505157797361577,-1.2595887440978297,12.039118575286256,-1.640289415773042,9.78935056739342,-1.8427442516082542,12.549894303689271,-1.1635111488476535,-0.04748612055657266,10.276986741102544,1.1251421128653543,-1.6402894157419332,11.676043796137337,0.36974958576630157,11.856003128799255,-2.096144609735773,11.249265756866484,10.194983219019369,0.01388795523485577,0.2867875444013385,9.789350567424053,0.3697495857514265,10.301340672599018,0.41636133267298886,9.67280045652274,0.26171224673007276,-0.05301783588419378,10.286643524510652,1.2657483853146951,-1.8427442515689147,11.856003128802433,0.41636133269326125,12.062999371272165,-2.3576921954961745,11.38042588600911,11.126957215389924,0.014194335639991233,-1.8446396270378358,12.549894303678855,-2.096144609771118,9.672800456483799,-2.357692195540203,14.491920657147245,-1.582400439629279,-0.029620477431484916,11.112879661661426,0.8513849849089135,-1.1635111488185297,11.249265756864709,0.26171224674077936,11.380425886003362,-1.5824004395892102,11.850652522253906
6.583200931549072,1.8673276618221597,1.4157182320740092,0.5285527407942171,3.043668859671032,2.72884232169554,3.211609201758576,0.9477312541844369,2.7464911881781773,3.196788165918884,4,7,3
11.171062804679666,-0.04384613553545052,-0.029664634136302756,10.305707851904875,-0.09149927775550691,10.183764653871332,-0.10253121238687171,11.203463268423178,-0.06459137696908604,-0.04384613553196194,11.153525160412457,-0.05343159365741291,-0.04525020252445535,10.250366318680324,0.007102695095766375,10.256696414723068,0.05619143089425447,11.094354270966017,-0.029664634119124483,-0.05343159364624441,0.9917843320434739,-1.2155487042050304,1.0858028460888232,0.2767603638218561,1.2214929862960764,-1.7808457312395347,0.8217872216398546,10.305707851883206,-0.04525020253648424,-1.2155487042229687,11.97586189282804,-1.5837846584920996,9.803753072420434,-1.7791782318427098,12.45696567791501,-1.1204098106909617,-0.09149927773795041,10.250366318689977,1.0858028460796878,-1.5837846584622999,11.625570273479655,0.3568843829269283,11.79922205242116,-2.0131350477238246,11.210764991722646,10.183764653878328,0.007102695100727365,0.2767603638046786,9.80375307244996,0.3568843829127426,10.298061459352631,0.4018883966356652,9.6939587772286,0.2518987804591378,-0.10253121236344397,10.256696414737972,1.22149298628548,-1.779178231804861,11.799222052424355,0.40188839665516585,11.999122501482033,-2.2643091297014903,11.337113773547921,11.203463268392778,0.056191430870998114,-1.7808457312567132,12.456965677904934,-2.013135047757549,9.693958777191204,-2.264309129743672,14.35518170808566,-1.5189801834987078,-0.06459137695040233,11.094354270975897,0.821787221628686,-1.1204098106630653,11.210764991721074,0.25189878046937025,11.337113773542388,-1.5189801834602568,11.82123142301265
6.797119855880737,1.6643411234967416,1.513816823665083,0.6341253592422312,3.0631948901686332,2.7111817466201718,3.207295779764311,0.9289975375539613,2.4622901565006723,3.327926695630405,4,7,3
10.486202428796156,-0.24110928159884257,-0.01355182040488724,10.490402441407186,-0.25669717714506657,10.141857198029951,-0.28719772662518317,10.50699221786224,-0.24867962454776715,-0.2411092815992938,10.437156298020302,-0.0331699758487459,-0.1961092107302757,10.38583640229587,0.041039589286523855,10.405474561108106,-0.18230408621039185,10.404961454527427,-0.013551820400996024,-0.03316997584670318,0.22256652309410743,-0.28102586939948226,0.2510721298765157,0.06396032498476195,0.28223168767244583,-0.4073628305824396,0.14447366081737356,10.49040244140251,-0.1961092107322654,-0.2810258694033785,10.829428588217725,-0.559592275805952,10.06469913644173,-0.6276591867140929,10.991701401692126,-0.4197895633240523,-0.25669717714051216,10.385836402298484,0.25107212987448113,-0.5595922757989535,10.710583739857338,0.12376276671961332,10.770489683632809,-0.7045578813638714,10.585670456007756,10.14185719803534,0.041039589289529096,0.06396032498090992,10.064699136451749,0.1237627667176586,10.238665773100584,0.13978269688788825,10.027759825439617,0.09195118100940433,-0.28719772661622245,10.405474561114682,0.28223168767005846,-0.6276591867022643,10.770489683636313,0.13978269689370487,10.842481276275867,-0.7906730842061095,10.630134119658416,10.506992217855277,-0.18230408621360772,-0.4073628305863196,10.991701401689813,-0.7045578813720674,10.02775982542734,-0.7906730842193447,11.243980474215986,-0.5100800845515823,-0.24867962454510514,10.40496145452907,0.14447366081532353,-0.41978956331893524,10.585670456006772,0.09195118100947988,10.63013411965375,-0.5100800845452453,10.524207303757729
7.006606817245483,1.6865235708037443,1.5744707078978986,0.7291085833847235,3.056470764272999,2.7171843378994467,3.208829007476998,0.9357698243039152,2.44955517020875,3.3357805729836523,4,7,3
10.51361561068682,-0.257891832685369,-0.015599340377208842,10.517880514216126,-0.28124668054450036,10.135603547663258,-0.31479234927063915,10.541393154675802,-0.26421900000935616,-0.2578918326854548,10.45032358245169,-0.03678480379462607,-0.20845175122868706,10.396863266693252,0.04384868759670347,10.417870224328675,-0.19603495536701837,10.412723741084607,-0.01559934037388914,-0.03678480379289366,0.19283765838018604,-0.24112596048795665,0.21543083609462751,0.054875973897209024,0.24213784175492667,-0.35193360439253923,0.11683053726406517,10.517880514212273,-0.20845175123060397,-0.24112596049128182,10.798612954590794,-0.5320666552924039,10.071715796204625,-0.5966897470839376,10.947136680386068,-0.39789722148160084,-0.2812466805401459,10.396863266695561,0.21543083609290137,-0.5320666552860451,10.685996872016478,0.11749523901142965,10.742826694774196,-0.6647563055123717,10.566118357509053,10.135603547668918,0.0438486875994842,0.05487597389392386,10.0717157962141,0.11749523900981361,10.237068091847572,0.1327310057777881,10.037910269228053,0.08696458069898302,-0.3147923492618952,10.417870224334905,0.2421378417528957,-0.5966897470728365,10.742826694777708,0.13273100578322528,10.811357195592004,-0.7458648022355493,10.60812069444027,10.541393154669878,-0.19603495537003074,-0.35193360439585397,10.947136680383979,-0.6647563055198052,10.03791026921653,-0.7458648022479174,11.1727814845218,-0.47475560069985934,-0.26421900000682547,10.412723741085978,0.11683053726232918,-0.3978972214770588,10.566118357508108,0.0869645806987913,10.608120694435641,-0.4747556006942284,10.506569092472528
7.216097831726074,1.772791740916177,1.5526941497573583,0.7823619015355684,3.057820552986508,2.7159847644519917,3.2085179991646027,0.9343886290388751,2.45871397792696,3.330321214267317,4,7,3
10.514532671379218,-0.25917866637410397,-0.02386024066435607,10.529707854447686,-0.29181433599292633,10.132912305396562,-0.32666642989218153,10.555539047920796,-0.27017064875981833,-0.25917866637375636,10.445624321045736,-0.017041856396601142,-0.2344443856046038,10.420086603017335,0.04976378359759896,10.443969570723489,-0.23177826242541386,10.425381594505724,-0.02386024066122651,-0.017041856394979175,0.17684622221253082,-0.22775183679317848,0.20348516723385063,0.05183035227988017,0.22869458805910559,-0.33115244333106714,0.10714113108612083,10.529707854444098,-0.2344443856068072,-0.2277518367963115,10.791268396215978,-0.5255076594978363,10.073389010768446,-0.589302705728789,10.933934692815185,-0.3919064647416398,-0.29181433598858453,10.4200866030194,0.20348516723223276,-0.5255076594916401,10.680139414155077,0.11600099013927008,10.73622976836355,-0.6529688674962695,10.560769898875849,10.132912305402355,0.04976378360001508,0.05183035227678643,10.073389010777788,0.11600099013773842,10.236686904529366,0.13104810780057424,10.040919397964775,0.08559886329945149,-0.3266664298834544,10.443969570729434,0.22869458805719445,-0.5893027057178717,10.736229768367059,0.13104810780591664,10.803927391375797,-0.7325764038602905,10.602089079489144,10.555539047915234,-0.23177826242865074,-0.33115244333419214,10.933934692813201,-0.6529688675034862,10.04091939795348,-0.7325764038724134,11.146051023548779,-0.4621755745330807,-0.27017064875730123,10.425381594506854,0.10714113108449717,-0.3919064647372626,10.560769898874907,0.08559886329917941,10.602089079484518,-0.4621755745276746,10.500549964271688
7.433470964431763,1.7927866887184147,1.6067518719551444,0.8832694603507886,3.054756208657809,2.718718028043979,3.2092180996090893,0.9374841129927923,2.4494463660561965,3.335320487027641,4,7,3
10.519144104998635,-0.258728542312767,-0.03554445391085666,10.545923246103365,-0.30630259149371286,10.12922246765535,-0.3429465286381094,10.578181416804025,-0.2774340197995443,-0.25872854231226106,10.445459965824305,-0.01500388622787369,-0.23775933921630293,10.423048757968408,0.050517933513273716,10.447296595214215,-0.23594794875279113,10.426695232415943,-0.03554445390778646,-0.015003886226287424,0.1734483499740948,-0.22360510817150084,0.1997811806379134,0.05088612402138554,0.22452702953156878,-0.32438146002637636,0.10441331107184396,10.545923246100058,-0.23775933921851325,-0.22360510817457369,10.78701398712492,-0.52170758576061,10.07435782067596,-0.585026519356825,10.926646718741802,-0.3891069776857097,-0.30630259148931255,10.423048757970417,0.19978118063633085,-0.5217075857545039,10.676745155515345,0.11513564165693552,10.732410247154155,-0.6464603095594446,10.55827016823216,10.129222467661354,0.050517933515637006,0.050886124018352595,10.07435782068523,0.11513564165545136,10.236466287707314,0.13007433629337978,10.042579679154349,0.08496089155294013,-0.34294652862931463,10.447296595220104,0.22452702952969328,-0.5850265193460097,10.732410247157663,0.13007433629866935,10.799629299404788,-0.7252466017298254,10.599272058056956,10.578181416798788,-0.23594794875600406,-0.3243814600294445,10.926646718739864,-0.6464603095665445,10.042579679143177,-0.7252466017418152,11.132350073943696,-0.4565203000608422,-0.27743401979695503,10.426695232417021,0.10441331107025618,-0.389106977681413,10.558270168231225,0.08496089155263292,10.599272058052337,-0.45652030005554517,10.498098038903505
7.6431708335876465,1.731404442473616,1.6621085978390717,0.951179382634464,3.0573699955549496,2.7163856294604782,3.2086215402009794,0.9348478417207203,2.4563644910869096,3.3318672585079083,4,7,3
10.558843789682689,-0.26819549120463354,-0.017979899250658186,10.541398310219934,-0.302259239381408,10.13025190090367,-0.338405046778314,10.572148003313778,-0.2757342838829992,-0.268195491204,10.447227608642446,-0.007264379784145051,-0.24905135963589298,10.433137361133149,0.05308786085956112,10.458636432422372,-0.2526403064533763,10.432216693120088,-0.01797989924761639,-0.007264379782574237,0.17812607018102805,-0.2216122831340642,0.19800092222837865,0.05043247004495244,0.2225250152609487,-0.3212592313240054,0.10328782889385918,10.541398310216591,-0.24905135963824804,-0.22161228313711054,10.785567854425413,-0.5204160288144344,10.074687216958031,-0.583572415823229,10.92401233382379,-0.3880487419238954,-0.30225923937705645,10.43313736113506,0.19800092222681126,-0.5204160288083597,10.675591651468926,0.11484145446917012,10.731111572973354,-0.6441079414084355,10.557325351815589,10.13025190090961,0.05308786086176541,0.05043247004194953,10.074687216967273,0.11484145446770219,10.23639125855093,0.12974312347613282,10.043179989490993,0.08471966666914092,-0.3384050467695798,10.458636432428154,0.22252501525909046,-0.5835724158124493,10.731111572976866,0.12974312348140407,10.798167174632486,-0.7225959629809641,10.598206757342137,10.572148003308525,-0.25264030645672203,-0.3212592313270461,10.924012333821874,-0.6441079414154938,10.043179989479869,-0.7225959629929075,11.127086614983787,-0.4542624538949033,-0.2757342838804584,10.432216693121074,0.10328782889228813,-0.3880487419196295,10.557325351814661,0.08471966666882039,10.598206757337518,-0.4542624538896491,10.4970890318109
7.854234933853149,1.7081004934065083,1.6966159538406145,1.0170664215578673,3.0598362169858015,2.714182202508818,3.208060279757573,0.932371323876032,2.4599769151842685,3.3306913504277644,4,7,3
10.645163115370647,-0.3014080715159427,0.017753414411109655,10.558973848345046,-0.31796202186717565,10.126252105971805,-0.35605375909435033,10.59783752020403,-0.2840756925248504,-0.3014080715155252,10.468196359294149,-0.04931270253041557,-0.22412989619667287,10.410871032133272,0.047416517103868704,10.433612677984708,-0.21660672323824456,10.420668245521085,0.017753414414103153,-0.049312702528869004,0.20626619182051206,-0.21813527703431007,0.1948943343744624,0.04964122575873907,0.21903382729952708,-0.3162558983618006,0.10169367047681051,10.55897384834202,-0.22412989619864518,-0.2181352770373087,10.779862387575253,-0.5153184498675605,10.075985618529996,-0.5778434215189673,10.91573362489944,-0.3853840803691649,-0.317962021862769,10.410871032135326,0.19489433437291975,-0.5153184498615956,10.671037193121528,0.113681390851228,10.725992973302445,-0.6367112864511192,10.554944596461095,10.126252105977963,0.04741651710640139,0.049641225755783225,10.075985618539148,0.1136813908498198,10.236095779375058,0.12843936772551662,10.045063987865294,0.08411326548034655,-0.35605375908554704,10.433612677990661,0.2190338272976985,-0.5778434215083145,10.72599297330596,0.12843936773072162,10.792414555847818,-0.7142831135264761,10.595531106271796,10.597837520199134,-0.21660672324119004,-0.31625589836479406,10.91573362489756,-0.6367112864580491,10.0450639878543,-0.7142831135382699,11.115073593749614,-0.450395636538535,-0.2840756925222207,10.420668245522227,0.10169367047526369,-0.3853840803649756,10.554944596460182,0.08411326547999919,10.595531106267195,-0.450395636533376,10.495844283373765
8.066468000411987,1.8798461102980868,1.708283566695478,1.1861953449525768,3.0487523231082703,2.7240805064876437,3.2105854439288954,0.9435197096322103,2.4388783914295,3.339450632520068,4,7,3
10.522213043544184,-0.2632530807201175,-0.039397742879865534,10.551813408228671,-0.3115657717718357,10.127882385122561,-0.3488586197594214,10.586051613918055,-0.27975012570710356,-0.26325308071921294,10.444296125754288,0.004534842061560268,-0.2638855215664485,10.446391801842434,0.05646322546875342,10.473528612407824,-0.2733168845455442,10.438545461437334,-0.03939774287697693,0.004534842063047438,0.16389633834764938,-0.21044370392240477,0.18802277988327998,0.04789053132874072,0.21130843456199777,-0.3045396237181888,0.09769868452464527,10.551813408225685,-0.26388552156889006,-0.21044370392529452,10.769676692368634,-0.5062183639686316,10.07830381739759,-0.5676142063202732,10.900547811100967,-0.38033791318918264,-0.31156577176760664,10.446391801844145,0.18802277988179436,-0.5062183639628665,10.662907009888558,0.11161026999047848,10.716854007836043,-0.6231445352625384,10.55043663719082,10.127882385128599,0.056463225470731467,0.047890531325892355,10.078303817406576,0.11161026998917747,10.235568172012412,0.12611126279868107,10.04852049974665,0.0829645638102166,-0.34885861975082144,10.473528612413372,0.211308434560237,-0.5676142063098497,10.716854007839563,0.1261112628037669,10.78214162669771,-0.6990302710433731,10.590461851998235,10.586051613913272,-0.27331688454891895,-0.3045396237210742,10.900547811099168,-0.6231445352692324,10.048520499735888,-0.6990302710548948,11.091859019983024,-0.44246373091419117,-0.27975012570459656,10.438545461438158,0.09769868452315932,-0.3803379131851396,10.550436637189936,0.08296456380981673,10.59046185199366,-0.442463730909217,10.49305352448976
8.276932954788208,1.9230368448734299,1.732842194657322,1.2348396725893653,3.0478413674896694,2.7248936572994515,3.210793198354714,0.9444374350391351,2.4367500801760107,3.3404501187192044,4,7,3
10.52625136313617,-0.2654213969367967,-0.04743470730060032,10.562308296090878,-0.32094274214831187,10.125494202436247,-0.35939574303113614,10.60100071266728,-0.28445319026982063,-0.2654213969356758,10.444862152779061,0.012129128383086859,-0.2736998792796939,10.455160687209494,0.05869657587370267,10.483382648559353,-0.28734539894926947,10.44297813861017,-0.04743470729775289,0.012129128384551218,0.16097281289960924,-0.2078276271613124,0.1856857703939957,0.04729498478625085,0.20868020748791677,-0.3003793390101368,0.09621721575450003,10.562308296088068,-0.27369987928225586,-0.20782762716415976,10.767447165252692,-0.5042267960926522,10.078811442220632,-0.5653738130372193,10.896865112368648,-0.37897807156533014,-0.3209427421440341,10.455160687211118,0.18568577039253134,-0.5042267960869325,10.661128003414243,0.11115682452985792,10.71485273457773,-0.6198551696165283,10.549222128760151,10.125494202442423,0.058696575875540925,0.04729498478344196,10.078811442229581,0.11115682452858063,10.23545259451493,0.12560116332109475,10.049359151522522,0.0826548340138603,-0.3593957430224768,10.483382648564808,0.2086802074861805,-0.5653738130268469,10.714852734581257,0.12560116332615417,10.779890310135253,-0.6953285120772718,10.58909459164658,10.601000712662698,-0.2873453989527505,-0.3003793390129825,10.89686511236687,-0.6198551696231644,10.04935915151182,-0.6953285120887281,11.085478449248633,-0.4400057964999711,-0.28445319026726107,10.442978138610917,0.09621721575303359,-0.378978071561324,10.549222128759272,0.08265483401344545,10.58909459164201,-0.44000579649504656,10.492073404708947
8.489573955535889,1.9164973296800487,1.7506475886695523,1.338747904077959,3.034305543916475,2.736982616193412,3.2138763726324235,0.9580480010748226,2.4120437989734547,3.3503769890098942,4,7,3
10.529452919394249,-0.26405492133705827,-0.0516916641020618,10.568456380213963,-0.32643604234280854,10.124095230821172,-0.36556812102516223,10.609638366475739,-0.2871228429750871,-0.26405492133599967,10.444251208524559,0.006683642112818522,-0.2666565673567894,10.448867900760778,0.05709366082084449,10.476309900689808,-0.2770204256563256,10.439614110447339,-0.05169166409928791,0.006683642114248734,0.15550685748176588,-0.20238621483681293,0.18082436007810862,0.04605652631842026,0.20321535748082745,-0.2922162872302635,0.09348557543165906,10.568456380211302,-0.266656567359218,-0.20238621483958769,10.762589779659354,-0.4998873098166555,10.079917066021519,-0.560494904772927,10.889417418830975,-0.37642522729198,-0.32643604233855283,10.448867900762423,0.18082436007668032,-0.49988730981103163,10.657251197309979,0.11016908356674274,10.71049402121314,-0.6132017743665428,10.546941626276306,10.124095230827415,0.057093660822770946,0.04605652631568393,10.079917066030383,0.1101690835655166,10.235200935609944,0.12449064010676014,10.05105450381817,0.08207367042980354,-0.3655681210165143,10.476309900695279,0.20321535747914152,-0.5604949047626645,10.71049402121667,0.12449064011176257,10.774989780554199,-0.6878469403287405,10.586529810953667,10.609638366471335,-0.2770204256596537,-0.2922162872330374,10.889417418829227,-0.6132017743730639,10.051054503807586,-0.6878469403400636,11.073824083204839,-0.4359243146650143,-0.28712284297252255,10.439614110448117,0.09348557543022831,-0.37642522728804484,10.546941626275435,0.0820736704293617,10.586529810949111,-0.4359243146601805,10.490612675925385
8.703665018081665,1.9944166888091526,1.7363582763727172,1.4435925882530718,3.010104327505022,2.75860253255808,3.2193867794652125,0.9823649382510588,2.372927409603789,3.364526785731675,0.5605708334968587,3.2560351815727238,4,7,3,5
10.559443385567597,-0.24839574223493083,-0.04679259631375627,10.570269568420267,-0.3281510442221916,10.123549695876264,-0.36749501237129134,10.612153656215416,-0.2878989908349342,10.614925616025282,-0.18803415892617353,-0.24839574222431862,10.476709873953634,0.038435050177796845,-0.29575611364658644,10.474763916148678,0.06371965978033721,10.505425191287081,-0.31892543150495734,10.452869254974361,-0.3123178775065784,10.407858308194752,-0.046792596316278204,0.03843505017838882,0.15578534136218156,-0.19626384619269896,0.1753589095400509,0.044666575564298774,0.19707137525430682,-0.2830566931543967,0.09043215511005478,-0.27774934108450705,-0.17851860705578393,10.570269568417732,-0.2957561136465754,-0.19626384619698367,10.756767210165538,-0.494784302818343,10.081106181781566,-0.5547581180320724,10.88065800240869,-0.3734985906904459,10.865485030314929,-0.018342892998025905,-0.32815104421801633,10.474763916147586,0.17535890954008693,-0.4947843028128313,10.652593161764363,0.109015058513724,10.705270426293312,-0.6054777004991923,10.544225499723453,-0.5919218308972424,10.226899177998751,10.123549695882508,0.06371965978122397,0.04466657556200789,10.081106181790334,0.10901505851255788,10.234804283127886,0.12319326442105157,10.052909973287926,0.08141284872292945,10.056363252632904,0.000584734926405841,-0.3674950123627306,10.505425191289461,0.19707137525427207,-0.5547581180219395,10.705270426296844,0.12319326442598716,10.769130378237831,-0.6791628243640815,10.583489026599286,-0.6639251829633123,10.226870512926668,10.612153656211184,-0.3189254315045861,-0.28305669315938387,10.880658002406989,-0.6054777005055819,10.05290997327748,-0.6791628243752507,11.06049501220103,-0.43140799729331264,11.037921070686203,0.08116723042311175,-0.28789899083240345,10.45286925497362,0.09043215510940568,-0.37349859068659524,10.544225499722598,0.08141284872245755,10.583489026594748,-0.43140799728858525,10.488947158742214,-0.4239250696541343,10.3250458181028,10.614925616030884,-0.3123178775199351,-0.2777493410807714,10.86548503031046,-0.5919218309008655,10.056363252623344,-0.6639251829713648,11.037921070682128,-0.4239250696573837,11.03515367292344,0.08213145192744076,-0.18803415891010117,10.407858308192647,-0.17851860705548836,-0.018342893004676845,10.226899178000417,0.0005847349224143415,10.226870512924824,0.08116723041485235,10.325045818102893,0.08213145194677099,10.66203815001148
8.922255039215088,2.0679669910239546,1.8496050774847463,1.5030171304392004,3.0388494729261746,2.7329169368266286,3.212846113624619,0.9535105027019254,2.411980065022976,3.3529932270136955,0.6055202554354842,3.278004725902227,4,7,3,5
10.535115379828467,-0.2711493760907642,-0.06798515009650788,10.584954869175654,-0.341272232084135,10.120207754665785,-0.38224018962948253,10.633200471290564,-0.29457110899921907,10.62536626049363,-0.16926087847870153,-0.2711493760891052,10.446822867384176,0.03350476465622679,-0.2979128498009009,10.476691151325127,0.06421046859952362,10.507590582161153,-0.3219407624073772,10.453795398447893,-0.317145908013281,10.39431710407561,-0.06798515009167914,0.033504764655736964,0.13674052709059292,-0.18256251231006423,0.16311701754367391,0.041548182380138035,0.18331283418615468,-0.263108054456973,0.08398497148608676,-0.25196972556533426,-0.15975495563667913,10.584954869170813,-0.29791284980153504,-0.18256251231546977,10.736795355975088,-0.47693995966253655,10.085651652797319,-0.5347031501314284,10.851606469915138,-0.3641199780976573,10.833007675177312,-0.03367993940883896,-0.34127223207761637,10.476691151324571,0.1631170175449806,-0.47693995965741465,10.636649695458543,0.10495379595346976,10.687351823475602,-0.5795209831440309,10.535846010220606,-0.5629039850155152,10.240602702188152,10.120207754672789,0.06421046860052589,0.04154818237833201,10.085651652805742,0.10495379595251794,10.23376976188847,0.11862887704190707,10.059521974938063,0.07927829740744506,10.063754995237636,0.004075424823349452,-0.3822401896182824,10.507590582164136,0.18331283418755207,-0.5347031501217404,10.68735182347914,0.11862887704660433,10.748991949434256,-0.6499900424162564,10.574071135203864,-0.6313125872956605,10.242271619949468,10.63320047128293,-0.32194076240792746,-0.2631080544636659,10.851606469913573,-0.5795209831499737,10.059521974928073,-0.6499900424269118,11.018142142429493,-0.4176988682785026,10.990696070888914,0.05886525465465873,-0.2945711089954368,10.453795398447426,0.08398497148614126,-0.36411997809408164,10.535846010219815,0.07927829740687585,10.574071135199393,-0.4176988682741127,10.484495514438722,-0.4086862403945825,10.332242729260576,10.62536626048888,-0.31714590801557846,-0.25196972556692715,10.833007675173235,-0.5629039850188499,10.063754995228534,-0.6313125873033794,10.990696070885186,-0.40868624039756973,10.973861262065139,0.05105214335733076,-0.1692608784832844,10.394317104075805,-0.15975495563397496,-0.033679939417721697,10.240602702192113,0.004075424820120064,10.242271619950209,0.05886525464308373,10.332242729261901,0.051052143355743186,10.630605690097743
9.142453908920288,2.016561968048332,1.9061833262288939,1.5324282082695737,3.0326482731502717,2.7384544237309614,3.2142596143060422,0.9597507189954688,2.399459745293548,3.358396269272803,0.5789553012612899,3.2766667115963997,4,7,3,5
10.529618197972322,-0.27011041245743456,-0.06675826715544632,10.580574502375532,-0.33735868747544673,10.12120476789058,-0.37784110292076306,10.626679924887206,-0.2924083033080644,10.619339242207193,-0.16735887094571258,-0.27011041245581463,10.447192799751756,0.03724762570084536,-0.30123722487236176,10.479661604621086,0.0649669676440447,10.510928138459265,-0.3265916900885093,10.455225018509925,-0.32208555785646414,10.387662939580771,-0.06675826715164394,0.037247625701150616,0.13074620555870173,-0.17820326494167937,0.15922226462832081,0.040555948622247186,0.17893469705308376,-0.2565797844225394,0.0818046081479326,-0.24550441637671097,-0.15096964482922035,10.58057450237203,-0.30123722487405225,-0.17820326494557998,10.732122165062881,-0.4727648634723985,10.086715379752782,-0.5300094543983791,10.844521355216274,-0.36172094807479094,10.827145187587858,-0.03738583298670389,-0.33735868747020936,10.479661604621404,0.15922226462836955,-0.47276486346736885,10.632919604163508,0.10400344701200204,10.683158408443264,-0.5731911632191744,10.53370277027808,-0.5576663839462699,10.243913821890748,10.121204767897199,0.0649669676452351,0.0405559486201687,10.086715379761117,0.10400344701110133,10.233527632846544,0.11756048242850234,10.06113478748975,0.0787321685349499,10.065089549314537,0.004918978284477052,-0.3778411029110049,10.510928138463235,0.17893469705307044,-0.5300094543887971,10.68315840844681,0.11756048243314277,10.744277657033017,-0.6428733386891535,10.571661222045226,-0.6254238912758097,10.245993723032722,10.626679924881536,-0.3265916900905587,-0.25657978442708784,10.844521355214741,-0.5731911632250053,10.061134787479874,-0.6428733386996807,11.00726623480119,-0.41396625937292814,10.981698386903117,0.05330573495955737,-0.2924083033049621,10.455225018509896,0.08180460814735126,-0.36172094807128125,10.533702770277305,0.07873216853435305,10.571661222040769,-0.41396625936862236,10.483196053047719,-0.4055987323463494,10.334103299626728,10.61933924220233,-0.32208555785878074,-0.24550441637938397,10.827145187585208,-0.5576663839507642,10.065089549305211,-0.6254238912848277,10.981698386901408,-0.40559873234990945,10.962124558045023,0.04331760950050531,-0.1673588709496343,10.38766293958026,-0.15096964482863362,-0.03738583299162578,10.24391382189125,0.004918978280400732,10.245993723029573,0.053305734953667236,10.33410329962628,0.04331760949790443,10.61414613165982
9.352037906646729,2.0208829365488996,1.9780452146698362,1.5412134458309756,3.0389356203486133,2.732836874645915,3.2128286757393316,0.9534368554559106,2.40868975342336,3.3553837077631052,0.5836228791295102,3.2906257324096706,4,7,3,5
10.60225088229007,-0.28439084053060776,-0.04259274968528255,10.59434326649372,-0.3496605430890996,10.118071050691361,-0.3916676882194746,10.646860808771224,-0.2989825375681742,10.637480085614893,-0.15722263846611692,-0.28439084052888286,10.452506096091316,0.02372924506790689,-0.29362725574157805,10.472862029678517,0.06323519455953945,10.503287766828615,-0.3158492351084124,10.451884338764897,-0.31192444622561577,10.391388422534659,-0.04259274968112936,0.023729245068617472,0.15618160293508915,-0.17844950473295437,0.15944224794088444,0.04061199992221201,0.17918201739226694,-0.2569554657936558,0.08193268323594863,-0.24582043656740524,-0.15030742865904387,10.594343266490219,-0.29362725574369664,-0.17844950473658525,10.730195346887577,-0.4710433640235772,10.08715393604754,-0.5280743962044813,10.841657251062042,-0.36077249541138157,10.824780437802128,-0.038893276737423765,-0.3496605430835918,10.472862029679357,0.1594422479406869,-0.4710433640185855,10.63138154497244,0.1036116226050993,10.681429547126317,-0.5706322822216782,10.53285540367455,-0.5555536302535824,10.245260674706799,10.118071050698216,0.0632351945609548,0.04061199992006591,10.087153936055843,0.10361162260421966,10.233427814583878,0.11712005058685532,10.06178669359341,0.07851628214655479,10.065627799844261,0.0052620768241363235,-0.3916676882094066,10.503287766833177,0.17918201739197662,-0.5280743961949429,10.681429547129868,0.11712005059147237,10.742334323149008,-0.6399968703951855,10.570708630895046,-0.6230489371167219,10.247507565669489,10.646860808765469,-0.31584923511112195,-0.2569554657978106,10.841657251060516,-0.570632282227461,10.06178669358358,-0.6399968704056573,11.002977916655428,-0.41253438076830906,10.978161214701899,0.051083887895852324,-0.2989825375648864,10.451884338765165,0.08193268323523814,-0.36077249540789724,10.532855403673782,0.07851628214594698,10.570708630890593,-0.4125343807640362,10.482713489099183,-0.40441897326303294,10.334831901583057,10.637480085609846,-0.311924446228254,-0.2458204365700113,10.824780437799674,-0.5555536302582049,10.065627799834935,-0.6230489371258823,10.97816121470046,-0.40441897326665166,10.958750101915477,0.041064523669033404,-0.15722263847056336,10.39138842253379,-0.15030742865863475,-0.03889327674173348,10.245260674706783,0.005262076819944233,10.247507565665757,0.05108388789083694,10.334831901582342,0.04106452366668471,10.611131254881796
9.563802003860474,2.101659187608683,1.9917946294874818,1.6080129361958944,3.039371729312781,2.7324474883970717,3.2127292439952195,0.9529977215712792,2.409640682630081,3.3549535822371097,0.5843824990082493,3.29358647612151,4,7,3,5
10.550881009070832,-0.2720109419243566,-0.072271647730475,10.593754346288836,-0.3491348771667126,10.118205357982239,-0.39107432406507436,10.64546481707127,-0.2983221226086948,10.638611819486327,-0.15762060763225227,-0.27201094192241715,10.451315954246983,0.04362155960607035,-0.305505620726369,10.483475324340045,0.065938433983545,10.515214382524858,-0.33281531385423946,10.457239926051626,-0.32883409308724376,10.381241074381443,-0.07227164772706916,0.0436215596068723,0.13257737280443066,-0.17474197901843186,0.15612960639706888,0.039768280193248816,0.17545954162308794,-0.2516778751384109,0.08027387066791462,-0.2418925099518513,-0.1500149577142301,10.593754346285909,-0.3055056207287832,-0.1747419790219545,10.725627773114013,-0.46696251559671653,10.088193528146457,-0.5234873569628683,10.834879595844466,-0.35853256376413656,10.8200328505121,-0.0410047183820974,-0.34913487716174013,10.483475324340922,0.15612960639684514,-0.4669625155918134,10.62773555592989,0.10268281051118017,10.677331307526412,-0.5645768705465035,10.53085416830874,-0.5513118838706806,10.247147187340472,10.118205357988943,0.0659384339848325,0.039768280191141474,10.088193528154681,0.10268281051035275,10.233191200618808,0.1160760280795705,10.063329310475545,0.07800646461388164,10.066708335361698,0.005742619468128682,-0.39107432405561254,10.515214382529457,0.1754595416227655,-0.5234873569534315,10.677331307529963,0.11607602808412885,10.737727735365759,-0.6331902982055401,10.56845913001206,-0.6182813368208935,10.24962778930204,10.645464817066376,-0.3328153138572995,-0.2516778751423726,10.834879595842933,-0.5645768705521435,10.063329310465834,-0.6331902982158487,10.99291166707964,-0.40920412691445596,10.971177999308045,0.048011972504066434,-0.29832212260570506,10.457239926051868,0.08027387066715988,-0.35853256376068615,10.530854168307963,0.07800646461324193,10.56845913000759,-0.4092041269102405,10.481610403003371,-0.4021345684108324,10.335823816147311,10.63861181948215,-0.32883409309020345,-0.241892509954577,10.820032850509973,-0.5513118838755038,10.066708335352384,-0.6182813368302773,10.971177999307104,-0.40213456841457523,10.953339008515453,0.03833209027313129,-0.1576206076353089,10.381241074380242,-0.150014957714565,-0.041004718385352544,10.247147187339559,0.005742619463732271,10.249627789297294,0.04801197250064534,10.33582381614608,0.038332090271521076,10.609489706601744
9.777413845062256,2.1511269627077123,2.0370807712993853,1.6678000714845003,3.0396122176995872,2.7322325506666583,3.2126745394453287,0.952756454190453,2.40992835832647,3.3548848749191214,0.585197565360022,3.2943626114907025,4,7,3,5
10.553039296051404,-0.2751169904404086,-0.07405587034152379,10.59594930764265,-0.35109611127845763,10.11770585048339,-0.3932780807866198,10.648565222408049,-0.2992870734253069,10.64210419258073,-0.15523998289045315,-0.27511699043840304,10.454388646210967,0.04798203842757811,-0.31115634078038484,10.488524207791048,0.06722442391837158,10.520888172633295,-0.34091628842886634,10.459808982350125,-0.33695533320059656,10.376045479047491,-0.07405587033839858,0.04798203842850016,0.1323527769632596,-0.17403510159033397,0.15549807647885708,0.039607384116359376,0.17474958155280923,-0.25060917459257936,0.0799131352165045,-0.24132523549716095,-0.14989024060368178,10.59594930764007,-0.3111563407829802,-0.17403510159358868,10.724058642887632,-0.46556063885607973,10.088550685772002,-0.5219113892758096,10.832509171784015,-0.35773314039166004,10.81871668961566,-0.04138426513771739,-0.3510961112737553,10.488524207791983,0.15549807647840735,-0.46556063885120785,10.626483105135668,0.10236372229366769,10.675923322134581,-0.5624591112218841,10.530139956411995,-0.5501360016667949,10.247486290455695,10.117705850490049,0.06722442391960885,0.039607384114204294,10.088550685780195,0.10236372229286189,10.233109906174443,0.11571731414314121,10.063868855208357,0.0778245034208031,10.067007908819933,0.005829004875430483,-0.3932780807774573,10.520888172637955,0.1747495815522373,-0.5219113892664085,10.675923322138129,0.11571731414767529,10.73614490040761,-0.6308095404830933,10.567656219908246,-0.616959476255327,10.25000894980722,10.648565222403661,-0.34091628843214933,-0.25060917459612714,10.832509171782469,-0.5624591112274672,10.063868855198688,-0.6308095404933364,10.989329476852523,-0.4079955562642064,10.969199672491083,0.04744985254916146,-0.2992870734224554,10.459808982350376,0.07991313521561318,-0.3577331403882158,10.530139956411205,0.07782450342014828,10.567656219903762,-0.4079955562600062,10.481202471891041,-0.4014711032769465,10.336009179987457,10.642104192576904,-0.33695533320375093,-0.24132523549976156,10.8187166896137,-0.5501360016717366,10.067007908810607,-0.6169594762648436,10.969199672490392,-0.40147110328076663,10.952157890728087,0.037926487682588036,-0.15523998289317184,10.37604547904608,-0.14989024060423917,-0.04138426514042758,10.247486290454297,0.005829004870917152,10.250008949801936,0.04744985254657051,10.336009179985943,0.0379264876813635,10.609299216284818
9.989552021026611,2.209976687897993,2.014674839871529,1.7072412493214029,3.0461300634231665,2.7264095375329553,3.211190939449453,0.9462098922581736,2.4198628482590014,3.351501443336739,0.5899815786593041,3.2951678479129685,4,7,3,5
10.554022045287022,-0.28202201269212984,-0.07434318502777769,10.596497599643405,-0.3515860513802836,10.11758108906018,-0.3938284647704518,10.649310202765388,-0.2995071295288277,10.643209452363303,-0.1543781590733456,-0.28202201268991167,10.463957139480518,0.059295115305895915,-0.3262738666294156,10.502031549421588,0.0706648987711475,10.536067660149433,-0.36265695301329093,10.466730372963255,-0.3581388215352305,10.362775438839222,-0.0743431850248762,0.05929511530689551,0.13122400806077741,-0.172453613460048,0.15408507562289328,0.03924744875194705,0.17316147610253313,-0.24829688102551595,0.07916206913080334,-0.23940382132013358,-0.14883561289934388,10.59649759964107,-0.32627386663231245,-0.17245361346309238,10.721941163794812,-0.4636687825979949,10.089032622564428,-0.5197849430502325,10.829383189695298,-0.35670616558351775,10.816376150282416,-0.04253452620255034,-0.3515860513757949,10.502031549422501,0.15408507562228382,-0.46366878259316513,10.62479283101647,0.1019331371054999,10.674023454226235,-0.5596662137552583,10.529222410686458,-0.5480448279737038,10.248514016330084,10.117581089066789,0.0706648987722037,0.03924744874977309,10.089032622572578,0.10193313710472053,10.233000217689701,0.11523333643267548,10.064580327939655,0.07759076369855196,10.067540603525083,0.006090791697072753,-0.39382846476152916,10.536067660154062,0.1731614761017829,-0.5197849430408796,10.674023454229783,0.11523333643717985,10.734009449037666,-0.6276703099216197,10.566624888567803,-0.6146091067035693,10.251163989833396,10.64931020276136,-0.36265695301690715,-0.24829688102874953,10.829383189693754,-0.5596662137607807,10.064580327930045,-0.6276703099317935,10.984711718834834,-0.40647736090343095,10.965767247114396,0.04577759056820669,-0.2995071295260919,10.466730372963433,0.07916206912981957,-0.3567061655800937,10.529222410685666,0.07759076369788195,10.566624888563314,-0.4064773608992594,10.480702897459475,-0.40035220905926855,10.336548666447447,10.643209452359745,-0.3581388215386594,-0.23940382132261023,10.816376150280568,-0.5480448279786997,10.067540603515774,-0.6146091067131461,10.965767247113869,-0.4003522090631209,10.949393596414339,0.036454715503970316,-0.1543781590757964,10.362775438837623,-0.14883561290002773,-0.042534526204883155,10.248514016328372,0.006090791692493791,10.251163989827754,0.045777590566180894,10.33654866644575,0.03645471550302759,10.608447863917595
10.2031729221344,2.235176396731913,2.0313955554813465,1.7161364979123508,3.047857681165226,2.7248660775812383,3.2107977030034367,0.9444747099159957,2.422482934491386,3.3506139874053837,0.5913512095100445,3.2954958252032496,4,7,3,5
10.555332610727955,-0.28138378192077446,-0.07540276715530021,10.597768191166802,-0.35272133951827866,10.117291937535413,-0.3951041697749205,10.651111034281046,-0.30007005502288014,10.645194674384891,-0.15303131903773282,-0.28138378191863683,10.462140184163646,0.05719509699265589,-0.3233648214180109,10.499432380173776,0.07000284003838034,10.53314659202495,-0.3584454747116143,10.465378607752527,-0.35427925993070974,10.365083882326445,-0.07540276715254872,0.05719509699371462,0.13074963092095118,-0.1716813546126142,0.1533951090165068,0.039071680610957026,0.17238592693072105,-0.24715122170853718,0.07878354456983254,-0.23859358436362585,-0.1484651551247451,10.597768191164649,-0.323364821420878,-0.17168135461552075,10.720631056825654,-0.46249828322806835,10.089330807202797,-0.5184692475180013,10.827437757737517,-0.3560626857618374,10.81501605796726,-0.04314668366136143,-0.35272133951392975,10.499432380174717,0.15339510901579007,-0.4624982832232659,10.623747062381488,0.10166672761469867,10.672847961826273,-0.5579280921881765,10.528647502276693,-0.5468296597202822,10.249060952466039,10.117291937541998,0.07000284003948033,0.0390716806087659,10.089330807210919,0.10166672761393676,10.232932349888847,0.11493387981711693,10.06502311517339,0.07744430519403865,10.067850160754602,0.006230115949486678,-0.3951041697661492,10.533146592029613,0.1723859269298533,-0.5184692475086803,10.672847961829818,0.1149338798216021,10.732688141087868,-0.6257165750096246,10.565978660798809,-0.6132432456768047,10.251778721195505,10.651111034277273,-0.3584454747152045,-0.2471512217115673,10.827437757735977,-0.5579280921936607,10.06502311516382,-0.625716575019755,10.98182167070308,-0.4055209801183814,10.963756861430612,0.04487905518638041,-0.3000700550202157,10.46537860775273,0.07878354456878557,-0.35606268575842637,10.528647502275897,0.07744430519335842,10.565978660794316,-0.4055209801142274,10.480386236520271,-0.3996907761605555,10.336841877525721,10.645194674381527,-0.35427925993414056,-0.2385935843660205,10.815016057965487,-0.5468296597253146,10.06785016074531,-0.6132432456864216,10.963756861430193,-0.39969077616442994,10.94790972810474,0.03573792996193937,-0.1530313190399994,10.365083882324752,-0.14846515512554176,-0.043146683663421365,10.249060952464093,0.0062301159448571,10.251778721189611,0.04487905518476266,10.336841877523893,0.03573792996121614,10.608069941898297
10.4148108959198,2.274842364865951,2.008026305301517,1.7450774248068452,3.0497431192635456,2.723181590692695,3.2103685563181457,0.9425811135454192,2.425315076408178,3.349664883832687,0.5930575621201991,3.296093003803481,4,7,3,5
10.552217672634447,-0.28246552008309345,-0.07192408923761795,10.593510686605,-0.34891732868037423,10.11826087775778,-0.39082914207707997,10.64496779617039,-0.2981062308320128,10.639387649669123,-0.1565889159317842,-0.28246552008091214,10.46636312782633,0.06164069035264684,-0.32917918507629024,10.50462745065549,0.07132608336520074,10.538984783326725,-0.36680619336711434,10.468039954984773,-0.3624341567770573,10.359971663430152,-0.0719240892349478,0.06164069035372724,0.13024056603877915,-0.17069630378236159,0.1525149925605372,0.03884749436543783,0.17139678771784808,-0.2457203169538308,0.0783223783338303,-0.23732410761763834,-0.14772580053548917,10.593510686602858,-0.3291791850792569,-0.17069630378519435,10.719399358397638,-0.4613978039221676,10.089611131876381,-0.5172324036830253,10.825639224418463,-0.35547939873353845,10.813501155059644,-0.043989265978192686,-0.34891732867611885,10.504627450656413,0.15251499255977394,-0.46139780391739005,10.622763822753468,0.101416267360338,10.671742885283932,-0.5563211669335244,10.528126356595779,-0.5454761384141025,10.249813780068093,10.118260877764287,0.07132608336622884,0.03884749436324492,10.089611131884485,0.10141626735959164,10.232868550243497,0.11465238408854604,10.065432447391437,0.0773115534119137,10.068194936818308,0.006421876764356898,-0.3908291420684126,10.538984783331365,0.17139678771693134,-0.5172324036737322,10.671742885287479,0.11465238409301372,10.731446130337876,-0.6239105246363127,10.565392934461688,-0.6117220429702367,10.252624790951893,10.644967796166666,-0.36680619337080794,-0.24572031695675536,10.825639224416925,-0.5563211669389774,10.065432447381898,-0.6239105246464072,10.97919440437291,-0.4046685227319854,10.961552833988758,0.04365780468716598,-0.29810623082941656,10.46803995498494,0.07832237833275871,-0.3554793987301422,10.528126356594985,0.07731155341122567,10.565392934457197,-0.40466852272785053,10.480109487910234,-0.3989790974395668,10.337234422429688,10.639387649665796,-0.3624341567805771,-0.2373241076199807,10.813501155057908,-0.5454761384191357,10.06819493680904,-0.6117220429798544,10.961552833988382,-0.3989790974434388,10.945984147321106,0.03463111225803745,-0.1565889159339752,10.35997166342839,-0.14772580053632056,-0.04398926598013208,10.249813780066054,0.0064218767597149055,10.252624790945898,0.043657804685724104,10.337234422427809,0.034631112257412736,10.607413838469137
10.62711787223816,2.29912269349891,1.9944700074217834,1.7344262778092185,3.051953088893343,2.721207140939371,3.2098655511052296,0.9403616474281478,2.4286161923598386,3.348565587386277,0.5952011240752896,3.296955217099486,4,7,3,5
10.550685235062305,-0.28370265349868135,-0.07079372615707567,10.591666686244398,-0.3472697622982499,10.118680550372051,-0.38897749355924927,10.642290631037906,-0.29724397859476714,10.636999833227916,-0.15798583788519785,-0.2837026534964868,10.469366550413406,0.064505114834213,-0.33308803526159586,10.508119978805407,0.07221566097658323,10.542909609023773,-0.37241478066705713,10.469820491451607,-0.36801040327491374,10.356428666689721,-0.07079372615452906,0.06450511483533233,0.12950519010583317,-0.16990957519189553,0.15181208915042005,0.038668436642123064,0.170606736574525,-0.24456143910557687,0.07794263069486553,-0.2364347317850618,-0.14727607872265414,10.59166668624235,-0.33308803526463265,-0.16990957519462108,10.71822407289585,-0.46034775059271826,10.089878627097038,-0.5160521329091775,10.823901893454288,-0.35490775987145184,10.812219785985297,-0.04460766806930715,-0.3472697622941182,10.508119978806311,0.1518120891495778,-0.46034775058796523,10.62182565752142,0.10117727500804055,10.670688377888915,-0.5547689573857914,10.527615629006556,-0.5443313000280072,10.250366294383985,10.118680550378503,0.07221566097756377,0.038668436639923365,10.089878627105112,0.10117727500731077,10.23280766827643,0.11438375421797317,10.065827864555562,0.07718144808979309,10.068486574500925,0.006562622741139169,-0.3889774935507258,10.54290960902839,0.1706067365735172,-0.516052132899913,10.670688377892457,0.11438375422242233,10.730260853137871,-0.6221658221458738,10.564818869285652,-0.6104352556663691,10.25324579690632,10.642290631034342,-0.37241478067082473,-0.24456143910834527,10.823901893452758,-0.5547689573912121,10.065827864546062,-0.6221658221559312,10.976625630890586,-0.40382307653225735,10.959663459927883,0.042749065158086484,-0.2972439785922428,10.469820491451749,0.07794263069375164,-0.3549077598680695,10.527615629005762,0.07718144808909592,10.564818869281165,-0.40382307652814015,10.479831140806033,-0.3983592571337485,10.337531363361311,10.636999833224715,-0.36801040327850754,-0.2364347317873239,10.81221978598361,-0.5443313000330539,10.068486574491672,-0.6104352556760013,10.95966345992757,-0.3983592571376276,10.944550123068177,0.0339150636745499,-0.15798583788724543,10.356428666687862,-0.1472760787235547,-0.044607668071049544,10.250366294381788,0.006562622736464947,10.253245796900142,0.04274906515693515,10.337531363359345,0.033915063674100854,10.607041161305885
10.836546897888184,2.299239896064348,1.960479007185798,1.716564710147327,3.0504090261977685,2.7225866734505453,3.210216981384101,0.941912269754602,2.426330897169536,3.349318607327418,0.5935396346333138,3.296167584207611,4,7,3,5
10.589908579289387,-0.29065482651314084,-0.04415040532534442,10.587970624064846,-0.3439673329533265,10.119521690810995,-0.3852664098146326,10.63701098617419,-0.29557718254658166,10.631543976381666,-0.1615430530936075,-0.2906548265109354,10.472277237753119,0.06034611741366909,-0.3342532855198693,10.50916112325394,0.07248084817587001,10.544079614666137,-0.37408476825503545,10.470349881829033,-0.3696879399291631,10.355355264585073,-0.044150405322676285,0.06034611741480609,0.1448344221180085,-0.16913402295698526,0.15111914701091356,0.038491932834014475,0.1698279886126444,-0.24344134466996883,0.07758416176642084,-0.23538493905239677,-0.14663709229976302,10.587970624062681,-0.3342532855229246,-0.16913402295964278,10.71762910973337,-0.45981617908232897,10.090014038959549,-0.5154546606949282,10.823026509396453,-0.3546212994916534,10.81153931232913,-0.044956683235405616,-0.3439673329491551,10.509161123254845,0.15111914701002732,-0.45981617907758854,10.621350723460377,0.10105629089893362,10.670154564660683,-0.5539868434603503,10.52735969047535,-0.5437233256520251,10.250678126667736,10.119521690817416,0.07248084817683625,0.038491932831813576,10.090014038967613,0.10105629089821147,10.232776848935483,0.11424777130204944,10.066027099565112,0.07711625042510348,10.068641446922607,0.006642056007377586,-0.38526640980606863,10.544079614670752,0.16982798861158452,-0.5154546606856778,10.670154564664227,0.11424777130648979,10.729660861285856,-0.621286745071414,10.564531199871372,-0.6097519230974286,10.253596271769394,10.63701098617048,-0.37408476825882214,-0.24344134467264006,10.823026509394927,-0.5539868434657553,10.066027099555633,-0.6212867450814535,10.97533726794533,-0.4034013236784499,10.958665275551603,0.04223895745256096,-0.2955771825440546,10.47034988182917,0.077584161765284,-0.35462129948827814,10.527359690474553,0.07711625042440223,10.564531199866883,-0.4034013236743418,10.479693020224554,-0.3980337699660072,10.337696981196876,10.631543976378326,-0.3696879399327787,-0.2353849390545965,10.811539312327458,-0.5437233256570748,10.068641446913364,-0.6097519231070646,10.958665275551317,-0.3980337699698875,10.943748485849078,0.03348947207427228,-0.1615430530958674,10.355355264583176,-0.1466370923006517,-0.04495668323706533,10.250678126665472,0.0066420560026910925,10.253596271763142,0.04223895745153109,10.337696981194872,0.03348947207389654,10.606806558746463
11.058324813842773,2.332470085033903,1.9264299746470717,1.6610474838087477,3.0542812176130263,2.7191277420885207,3.209335245498275,0.9380205900875002,2.432853734365417,3.3468665463027016,0.5962994248807446,3.307366354723622,4,7,3,5
10.5304827249917,-0.2857092395647736,-0.06669756534596338,10.57862526124271,-0.3356173631031904,10.121648489851529,-0.3758829954539664,10.62362348150955,-0.29133568627704104,10.61902794882093,-0.16473285462835874,-0.2857092395626785,10.47048322264761,0.06431075625542977,-0.33735063887286704,10.511928750898013,0.07318563377455682,10.547188862478718,-0.3783294879422023,10.471618760935002,-0.37404924055894495,10.354360928123779,-0.06669756534371665,0.06431075625654378,0.11976535259114382,-0.16282590128646712,0.14548299187200256,0.037056256357194776,0.16349351581519606,-0.234245519809315,0.07460772728108733,-0.2270562601008182,-0.1373785776724467,10.578625261240896,-0.33735063887585603,-0.16282590128878116,10.708859098896287,-0.4519800152356339,10.092009769765774,-0.506649732278286,10.810689462415976,-0.35080190448587756,10.800224048877215,-0.05367190648380412,-0.3356173630995069,10.511928750898809,0.14548299187093797,-0.451980015231064,10.61434896873544,0.09927306927316587,10.662287201782604,-0.542963590701052,10.523947078993624,-0.5336130449019262,10.258465316024274,10.12164848985771,0.07318563377546307,0.03705625635502368,10.092009769773695,0.09927306927253633,10.232322694214185,0.11224409425873409,10.068834632087702,0.07624704303287401,10.071216454823848,0.008625352810261873,-0.37588299544595616,10.547188862483198,0.1634935158139368,-0.5066497322692313,10.662287201786151,0.11224409426307042,10.720820874378402,-0.6089000750971356,10.560696239782438,-0.5983911400309271,10.262346446788419,10.623623481506346,-0.37832948794589516,-0.2342455198116089,10.81068946241454,-0.5429635907062963,10.068834632078403,-0.60890007510699,10.957848138811555,-0.3979329302834757,10.94262325350315,0.02992042950350708,-0.29133568627476125,10.471618760935081,0.0746077272799358,-0.35080190448265,10.523947078992876,0.0762470430321405,10.560696239778018,-0.39793293027953713,10.477961655300321,-0.39301729621116915,10.341534223507415,10.619027948817912,-0.3740492405625384,-0.22705626010285546,10.80022404887572,-0.5336130449069172,10.071216454814756,-0.5983911400404924,10.942623253503006,-0.3930172962149379,10.928945484318936,0.022149374875269807,-0.16473285463015222,10.354360928121858,-0.13737857767341047,-0.053671906484977654,10.258465316021743,0.008625352805609292,10.262346446781873,0.029920429503024523,10.341534223505386,0.022149374875168285,10.59495392484671
11.275391817092896,2.352240252310179,1.8879062601656336,1.6207026747353328,3.048418996676702,2.724368041734672,3.21066780960675,0.9438964517962868,2.427179779624356,3.347588482741964,0.5915723426390147,3.3072913151805388,4,7,3,5
10.529327508324124,-0.28292845518660403,-0.06575395818696152,10.576864718421328,-0.3340443440446888,10.122049153881246,-0.3741152588856233,10.62109496279748,-0.29053202398352634,10.616701342119704,-0.16547213129395974,-0.28292845518461734,10.466141652963154,0.05979778561437442,-0.3309761983236606,10.506233265855963,0.07173492879994221,10.540788301602193,-0.36916219119142674,10.468700192927233,-0.3652952132817121,10.359456324239872,-0.06575395818480209,0.05979778561549527,0.116932161329693,-0.15952362140240778,0.14253238802897603,0.036304750731698976,0.16017789118182152,-0.2295486351819781,0.07313292939002713,-0.2227892079233188,-0.1336604265722517,10.576864718419598,-0.33097619832655123,-0.15952362140462337,10.704507592127964,-0.4480919152929862,10.093000039544968,-0.5022807179353966,10.804518197257753,-0.3488713088261484,10.794625583409545,-0.05760594510641793,-0.33404434404111116,10.50623326585679,0.14253238802788612,-0.4480919152884973,10.610874925763028,0.09838825675544033,10.65838345902959,-0.5374496108081362,10.522222140379588,-0.5286108583127339,10.261980405609663,10.122049153887382,0.07173492880093237,0.03630475072956276,10.093000039552814,0.0983882567548592,10.232097339085762,0.1112498400918957,10.070239076414643,0.07580766065662872,10.072490544586259,0.009520631710267883,-0.3741152588777299,10.540788301606714,0.16017789118053846,-0.5022807179264359,10.658383459033148,0.11124984009617828,10.716434280700478,-0.6027036282714237,10.558757625730971,-0.5927698210180481,10.266296409581646,10.621094962794396,-0.36916219119501537,-0.22954863518416807,10.804518197256359,-0.537449610813296,10.070239076405445,-0.60270362828118,10.949002033336019,-0.39512801969033395,10.934596052777879,0.02432063050909023,-0.29053202398130046,10.468700192927361,0.07313292938889272,-0.34887130882298995,10.52222214037887,0.07580766065587662,10.55875762572658,-0.39512801968647754,10.477057467279986,-0.3904711873902682,10.34329427381477,10.616701342116771,-0.3652952132852113,-0.2227892079253246,10.79462558340812,-0.5286108583176854,10.07249054457724,-0.5927698210275656,10.934596052777792,-0.39047118739398007,10.921594955649892,0.01703237765423894,-0.16547213129566019,10.359456324237962,-0.13366042657326951,-0.05760594510741865,10.261980405607048,0.00952063170564196,10.266296409575014,0.024320630508799332,10.343294273812734,0.01703237765420031,10.58956180109618
11.48839282989502,2.3189783689012793,1.8801089191766536,1.5893623535520864,3.0390664138009433,2.7327260618649287,3.2127952499768706,0.9532805801050098,2.415525918261795,3.3505919958710506,0.581874844640573,3.3031879587793695,4,7,3,5
10.523628065697743,-0.2835102335064122,-0.06073661481840488,10.569712700749315,-0.3276541385014911,10.123676841671967,-0.36693380794544145,10.610774713825478,-0.2872327505604259,10.606768119449871,-0.1707906919588558,-0.28351023350436333,10.47289193124674,0.06586589132261082,-0.3392569967918362,10.513632084606783,0.07361947864346871,10.549102971427084,-0.3810524272705152,10.472478323279336,-0.376934304967652,10.35221121199173,-0.06073661481627183,0.06586589132372946,0.11594332833407271,-0.15834682915890638,0.14148095393343796,0.03603692536413527,0.1589962016500851,-0.2278367812749489,0.07258026851386758,-0.2213013566032482,-0.13235179500567376,10.569712700747523,-0.33925699679483656,-0.15834682916108908,10.702929350990699,-0.44668178894613825,10.093359221178401,-0.5006959754367305,10.802238314075751,-0.3481414730534258,10.792661019928092,-0.05870739589596965,-0.32765413849799424,10.513632084607542,0.14148095393234045,-0.44668178894167754,10.609615006501754,0.09806733531019933,10.656967524091272,-0.5354126463322124,10.52157009305971,-0.5268556239957803,10.262964527079339,10.123676841677995,0.07361947864434987,0.036036925362010315,10.093359221186217,0.09806733530963814,10.232015595251706,0.11088917870571272,10.070757980273841,0.07564153355619874,10.072937686607899,0.009771312515672254,-0.3669338079376382,10.549102971431536,0.1589962016487968,-0.5006959754278015,10.656967524094831,0.11088917870997317,10.71484300906456,-0.6004140881653045,10.558024594711483,-0.5907969044024557,10.267402468307239,10.610774713822337,-0.38105242727420957,-0.2278367812771071,10.802238314074362,-0.535412646337343,10.070757980264672,-0.6004140881750272,10.945637818716497,-0.3940233570330312,10.931688732762948,0.022713839490339203,-0.28723275055826414,10.472478323279402,0.07258026851274167,-0.34814147305029347,10.521570093059006,0.07564153355543765,10.558024594707103,-0.3940233570292064,10.476684119797717,-0.3895133311217816,10.343814786890785,10.60676811944687,-0.3769343049712462,-0.22130135660525146,10.79266101992669,-0.5268556240007188,10.072937686598916,-0.5907969044119581,10.931688732762876,-0.3895133311254717,10.919040748377174,0.01565261292380699,-0.17079069196058116,10.352211211989765,-0.13235179500670757,-0.058707395896917494,10.2629645270767,0.009771312511052272,10.267402468300583,0.022713839490100772,10.343814786888759,0.015652612923756748,10.587614625057155
11.702313899993896,2.3566540055268472,1.8437478574564128,1.5573092451969675,3.0410524933294245,2.7309531218984247,3.212342245292796,0.9512797028674845,2.42015257207324,3.3484225648283314,0.5868899628603073,3.3068749061200697,4,7,3,5
10.517656554804455,-0.2788005957949365,-0.05492586596322155,10.561208587423435,-0.3200558464022623,10.12561224064914,-0.35839472722518584,10.598512524907648,-0.2833162287191356,10.594930462082827,-0.17745901947376064,-0.2788005957930114,10.469694713914258,0.06272722444336121,-0.3346085767430774,10.509478803852401,0.0725615678709732,10.544435397917969,-0.37433912859289886,10.470329915538477,-0.37050737722518406,10.355907204774455,-0.05492586596112666,0.06272722444446359,0.1142223077072664,-0.15588054491393305,0.13927738092129766,0.03547563074326951,0.1565197081121328,-0.2242630584192377,0.07143193552412722,-0.21799651724286703,-0.13001724549367458,10.561208587421588,-0.3346085767459897,-0.15588054491607214,10.699115478517665,-0.44327416848841666,10.094227203257851,-0.49686636400931644,10.79672358456546,-0.34637401211405455,10.787537587983444,-0.06180900005363422,-0.3200558463988738,10.509478803853169,0.13927738092020953,-0.44327416848402906,10.606570364229423,0.0972918103267486,10.653545841366778,-0.5304853917056538,10.519990935676615,-0.5222779828800527,10.265735746560566,10.125612240655038,0.07256156787191696,0.035475630741177544,10.094227203265602,0.09729181032623425,10.231818055097946,0.11001761455646757,10.072013082641112,0.07523926380068059,10.074103734433562,0.010477200553034305,-0.3583947272175101,10.54443539792243,0.15651970811085444,-0.49686636400047074,10.653545841370342,0.1100176145606762,10.710997592989868,-0.5948764027363911,10.556249699002755,-0.5856521405683122,10.270516931008443,10.598512524904478,-0.3743391285964966,-0.22426305842135283,10.796723584564097,-0.530485391710705,10.072013082632026,-0.594876402746023,10.937610905869828,-0.39143008721161643,10.9242303036004,0.018215712309014195,-0.28331622871705786,10.470329915538565,0.07143193552302217,-0.3463740121109788,10.519990935675937,0.07523926379989843,10.556249698998393,-0.3914300872078597,10.475838277801566,-0.3871033077674179,10.345261646414599,10.594930462079791,-0.3705073772286871,-0.21799651724485294,10.787537587982083,-0.5222779828849303,10.07410373442467,-0.5856521405777446,10.924230303600341,-0.38710330777105095,10.912060345136188,0.011444058204936963,-0.17745901947549542,10.355907204772537,-0.13001724549471078,-0.06180900005453002,10.265735746557949,0.010477200548456519,10.270516931001803,0.01821571230881813,10.3452616464126,0.011444058204885782,10.584232023204402
11.915817975997925,2.3358886705080586,1.8282974861913104,1.5443886480607116,3.036145045420427,2.735339127207671,3.2134582666051097,0.9562018789163307,2.4145187092458533,3.3496561181672333,0.582892168844897,3.306249682557524,4,7,3,5
10.51589222119067,-0.27849509666350447,-0.05327630724931246,10.5587242475014,-0.31783614948356703,10.126177647400453,-0.35590009937556205,10.59491001691398,-0.2821576297779574,10.591486873031336,-0.17911762589689206,-0.2784950966615718,10.471310875812081,0.06412165110930122,-0.33641978237021,10.511097126234136,0.07297374889200449,10.546253914351464,-0.3769131712268348,10.471137328175825,-0.37308099680038526,10.35416969932145,-0.053276307247226616,0.0641216511103998,0.11375195674503968,-0.15525295823914506,0.1387166746034702,0.035332783407737885,0.15588940809460627,-0.22332264920383238,0.07111764763260929,-0.21719694095530387,-0.1294271565625758,10.558724247499534,-0.3364197823731407,-0.15525295824126975,10.698120480910536,-0.44238519412060995,10.094453669288715,-0.49586712921386256,10.795248889314252,-0.34588730750585195,10.786274926227126,-0.06236943311167601,-0.31783614948020844,10.511097126234883,0.13871667460238402,-0.4423851941162414,10.605776115625039,0.09708947569407213,10.65265308145093,-0.5291678721500539,10.519556119304484,-0.5211499053613791,10.266236448794833,10.126177647406308,0.07297374889292657,0.03533278340565826,10.09445366929644,0.097089475693576,10.231766510374628,0.10979018403414816,10.07234875349736,0.07512847091343265,10.074391147134454,0.010604769196204119,-0.3559000993679186,10.546253914355905,0.15588940809333096,-0.49586712920503906,10.652653081454494,0.10979018403833658,10.709994102380493,-0.593395272518479,10.555760811453384,-0.5843839379093941,10.271079833503585,10.5949100169108,-0.3769131712304473,-0.22332264920593697,10.7952488893129,-0.5291678721550855,10.072348753488313,-0.5933952725280885,10.935383938549682,-0.3906793371155506,10.922315257678932,0.01736450130765303,-0.2821576297759026,10.471137328175901,0.0711176476315118,-0.3458873075027927,10.519556119303811,0.07512847091264112,10.555760811449023,-0.3906793371118136,10.47557927966368,-0.38645461206391046,10.345550442370758,10.591486873028273,-0.37308099680390283,-0.2171969409572934,10.786274926225781,-0.521149905366246,10.074391147125587,-0.5843839379188142,10.922315257678884,-0.38645461206752946,10.910386513328183,0.010725199900399022,-0.1791176258986389,10.35416969931952,-0.12942715656361392,-0.06236943311255694,10.266236448792219,0.010604769191637503,10.271079833496948,0.017364501307464947,10.345550442368769,0.010725199900329897,10.583344419801712
12.136548042297363,2.379576804458068,1.8296099576534048,1.521440259662451,3.0379458540154958,2.7337310337641414,3.2130478670672105,0.9543899386220781,2.418107591073825,3.3481205152784232,0.5865747585940092,3.3084199670229615,4,7,3,5
10.514453892339345,-0.27731657117057473,-0.05200045256162528,10.55664571577602,-0.3159790382896009,10.126650700859228,-0.35381293448775464,10.591889156090732,-0.2811834368611729,10.588594592124348,-0.18052237340826957,-0.27731657116866915,10.470461715522854,0.06341571125958553,-0.3352005912230956,10.510007827974707,0.07269626382937606,10.545029596758793,-0.37512446890315654,10.470553962433733,-0.3713999952159139,10.35499656545233,-0.05200045255954274,0.0634157112606784,0.11357246622064969,-0.154813994722287,0.13832450848014624,0.03523285845825017,0.15544847431976858,-0.22264546230825816,0.0708839976949963,-0.216632037767378,-0.12903382223327492,10.556645715774136,-0.33520059122600204,-0.15481399472440455,10.697078002347297,-0.4414538090677322,10.094690949919938,-0.4948201628132407,10.79369111056838,-0.3453683297166095,10.784898290013036,-0.06299672887058379,-0.315979038286263,10.510007827975453,0.13832450847906647,-0.44145380906338355,10.604943985186377,0.0968774812953569,10.651717686922996,-0.5277761296075406,10.519092467803132,-0.5199200036791762,10.26679688146798,10.126650700865047,0.07269626383031579,0.03523285845618199,10.094690949927635,0.0968774812948778,10.231712502445268,0.10955188184974897,10.072703340629019,0.07501033253267224,10.074704505857937,0.010747560854569392,-0.35381293448014306,10.545029596763237,0.15544847431849437,-0.4948201628044408,10.651717686926558,0.10955188185391843,10.708942628375748,-0.5918306685830684,10.55523951478215,-0.5830012464362818,10.271709911140126,10.591889156087541,-0.3751244689067398,-0.22264546231035826,10.79369111056704,-0.5277761296125504,10.072703340620011,-0.5918306685926521,10.933024444201633,-0.38988126391701494,10.920223884315709,0.01640662643308746,-0.2811834368591386,10.470553962433813,0.0708839976939048,-0.3453683297135672,10.519092467802464,0.075010332531872,10.555239514777794,-0.38988126391329914,10.475304857291704,-0.3857448944888708,10.345877328386326,10.58859459212127,-0.3713999952194046,-0.2166320377693732,10.784898290011704,-0.5199200036840287,10.074704505849102,-0.5830012464456839,10.920223884315666,-0.38574489449247373,10.908503462742,0.009876449884132001,-0.1805223734100274,10.354996565450419,-0.12903382223431412,-0.0629967288714578,10.26679688146538,0.01074756085001464,10.271709911133495,0.01640662643289909,10.345877328384349,0.009876449884043742,10.582519321716271
12.348090887069702,2.348744240503116,1.922448670937936,1.5251726639486691,3.0325827414668796,2.7385226969196044,3.214268532164777,0.9597758535602166,2.4101718615762326,3.350734654797728,0.5795118240435482,3.3044661379411426,4,7,3,5
10.534515569541744,-0.29174452579610183,-0.04351470562403219,10.562341132937851,-0.3210679608657643,10.125354600214445,-0.35953122092966816,10.599950092660231,-0.2836987189944264,10.59648029948254,-0.17442290896266005,-0.29174452579413407,10.484909319589091,0.0516383102400862,-0.3358481974321317,10.510586584833717,0.0728435717269415,10.545679356105662,-0.37592089443266613,10.470754448955141,-0.37224488654169907,10.354086946182209,-0.043514705621920315,0.051638310241161015,0.1294052136441953,-0.15450775620890708,0.13805094939043144,0.03516311993659865,0.15514068280527787,-0.22212799304149233,0.07068893072721079,-0.21608416540328412,-0.12791392461528547,10.562341132936032,-0.3358481974350268,-0.1545077562110195,10.695614976003231,-0.44014665836905975,10.095023934852696,-0.49335096140733387,10.79153870527243,-0.3446640444563612,10.782861796707543,-0.06407210987148167,-0.32106796086237077,10.510586584834444,0.13805094938935727,-0.4401466583647397,10.603776102610114,0.09657997368533908,10.650405019148776,-0.5258530686419437,10.518463233635398,-0.5181004999715941,10.267757685305975,10.125354600220327,0.07284357172787631,0.03516311993453127,10.09502393486036,0.09657997368487845,10.231636715036514,0.1092174914263771,10.073193240552143,0.07485002840386554,10.075168021336014,0.010992320580022419,-0.3595312209219991,10.545679356110078,0.1551406828040059,-0.49335096139856605,10.650405019152334,0.10921749143052602,10.707467225538942,-0.5896690969280501,10.554532198831778,-0.5809560957046622,10.27278985145202,10.599950092657092,-0.37592089443622667,-0.2221279930435904,10.7915387052711,-0.5258530686469203,10.073193240543173,-0.5896690969375962,10.929836041149576,-0.3888296150702606,10.917211328259853,0.014819610778567503,-0.2836987189923376,10.470754448955208,0.07068893072612892,-0.34466404445333965,10.518463233634733,0.07485002840305605,10.554532198827427,-0.3888296150665713,10.474954787065046,-0.38475282879276645,10.346398505076566,10.596480299479477,-0.37224488654516147,-0.21608416540529674,10.782861796706214,-0.518100499976415,10.07516802132721,-0.5809560957140282,10.917211328259814,-0.38475282879634437,10.905645772396104,0.0083646539919114,-0.17442290896442056,10.35408694618032,-0.12791392461631965,-0.06407210987235162,10.26775768530339,0.010992320575486542,10.27278985144541,0.014819610778376105,10.346398505074603,0.008364653991815548,10.581543958042344
12.563175916671753,2.3740617610579693,1.9895397498588436,1.5163059131636476,3.031500019077158,2.739490104352808,3.2145149347816506,0.9608629771573477,2.408624112911122,3.3512237284904103,0.5780111128565867,3.3036625927724144,4,7,3,5
10.546103204440906,-0.2964110063344281,-0.06119293805897268,10.581753234077077,-0.338412395378157,10.12093672360169,-0.3790231090935146,10.627928124657418,-0.29262995374082584,10.623705801109974,-0.15796369998473528,-0.2964110063322233,10.479954581721008,0.06557756186852903,-0.34306078176451044,10.517030887408962,0.07448506305176346,10.55292175370863,-0.38636045997124346,10.474104391263456,-0.3824076869533503,10.347743742468365,-0.061192938056872655,0.06557756186959314,0.12348053246584134,-0.15351451258808385,0.13716350427907273,0.03493706718076832,0.15414330957527603,-0.2206855262414631,0.07022416302375752,-0.21463524940018902,-0.12650608087367057,10.581753234075558,-0.3430607817674854,-0.15351451259018792,10.692840702685134,-0.4376679222718612,10.095655336415087,-0.49056513674432145,10.787500345213301,-0.34335924968435605,10.778951546049138,-0.06636338985660988,-0.3384123953746606,10.517030887409614,0.13716350427801285,-0.43766792226759477,10.601561420792084,0.0960158339475089,10.647915962299194,-0.5222449203941515,10.517297445892542,-0.5146068082192841,10.269804883188087,10.120936723607821,0.07448506305259696,0.034937067178710514,10.095655336422702,0.09601583394707895,10.231493013280872,0.10858346084152941,10.074112346406807,0.07455306179539892,10.076057967096641,0.01151379516972813,-0.37902310908572295,10.552921753712967,0.15414330957401748,-0.49056513673561514,10.647915962302756,0.1085834608456438,10.704669801218833,-0.5856138645899489,10.553221930234576,-0.5770295292117047,10.275090660421174,10.627928124654602,-0.38636045997487384,-0.22068552624355564,10.787500345211992,-0.522244920399065,10.074112346397905,-0.5856138645994233,10.923942215959718,-0.38691933331049994,10.911510144526272,0.011487364653989038,-0.29262995373861683,10.47410439126346,0.07022416302268793,-0.3433592496813726,10.517297445891888,0.07455306179457487,10.553221930230238,-0.38691933330685774,10.474333314318237,-0.38290718333777035,10.347473970389254,10.623705801107208,-0.382407686956871,-0.21463524940221032,10.778951546047823,-0.5146068082240439,10.076057967087902,-0.5770295292210005,10.911510144526233,-0.38290718334130225,10.900128788771031,0.005136278106224115,-0.15796369998632823,10.347743742466443,-0.12650608087469964,-0.06636338985747003,10.269804883185545,0.01151379516522977,10.275090660414605,0.011487364653796005,10.34747397038732,0.005136278106127238,10.579642722893222
12.773742914199829,2.355384044285948,2.0443853896341593,1.5240108414730635,3.031858849068344,2.739169464760426,3.214433289218854,0.9605027939720523,2.409108733197291,3.351081802710167,0.5784955323065955,3.3039812405186297,4,7,3,5
10.565597043439128,-0.3128511655065441,-0.04414162539891727,10.587400445161137,-0.34345822153327576,10.119651586948242,-0.3846930233344516,10.635931803393689,-0.2951317403234655,10.631535656107006,-0.15325337152855925,-0.3128511655044351,10.497241846577257,0.029121709247269274,-0.333504980758831,10.5084929870746,0.07231027730274689,10.543326399197257,-0.37251322966418215,10.46965469102129,-0.3689771900541879,10.355642195783505,-0.04414162539683251,0.029121709248319305,0.1582820209636557,-0.15216572803839837,0.13595840072250207,0.034630096286787426,0.1527889174792344,-0.21872442266014855,0.06959140435694174,-0.21273572180419387,-0.12539389988611305,10.587400445159707,-0.3335049807616634,-0.15216572804048326,10.691797104844252,-0.43673548622910546,10.095892844272758,-0.4895172358867962,10.785992521938535,-0.34287645789649607,10.777487695921298,-0.06722411347872062,-0.34345822152974975,10.50849298707531,0.13595840072145193,-0.4367354862248597,10.6007283058316,0.09580362491625799,10.646979681588512,-0.5208977073768192,10.51686608016474,-0.5132988843578519,10.270573924416464,10.11965158695444,0.07231027730371171,0.03463009628474845,10.095892844280355,0.09580362491583926,10.231438959908683,0.10834497367880824,10.074455505395768,0.07444318525777804,10.076391118389752,0.011709683464004052,-0.3846930233266234,10.543326399201666,0.15278891747798687,-0.4895172358781132,10.646979681592075,0.10834497368291025,10.70361757959978,-0.5840998235149818,10.55273714730115,-0.575559642863127,10.275954932879596,10.63593180339096,-0.3725132296676655,-0.21872442266222142,10.785992521937231,-0.5208977073817089,10.07445550538689,-0.5840998235244292,10.921763487178728,-0.3862216538196044,10.90939502096691,0.010243802388204376,-0.2951317403212231,10.469654691021358,0.06959140435588189,-0.3428764578935267,10.516866080164087,0.074443185256949,10.552737147296817,-0.38622165381597956,10.47410987389586,-0.3822298976467553,10.347872133031762,10.63153565610432,-0.3689771900575667,-0.21273572180619638,10.777487695919985,-0.5132988843625889,10.076391118381036,-0.5755596428723965,10.90939502096687,-0.38222989765027043,10.898075388720052,0.003928965881783972,-0.15325337153011284,10.355642195781666,-0.12539389988713046,-0.06722411347957673,10.270573924413936,0.01170968345951936,10.275954932873042,0.010243802388011808,10.347872133029837,0.003928965881687487,10.578932795981189
12.981835842132568,2.3874868367074837,2.1491471054070215,1.533749526924463,3.0311312907526946,2.7398195300953256,3.2145988679920134,0.9612333319792847,2.408062933662565,3.3514145442479664,0.5774783670207279,3.3033816873166364,4,7,3,5
10.587669371311089,-0.3306574614938774,-0.03740498810024171,10.601604783287963,-0.3561496410827182,10.116418943152306,-0.3989555348192862,10.656349246385796,-0.30162794310988367,10.65139406863669,-0.14154812253449447,-0.33065746149161673,10.51371488315975,0.009242103316586297,-0.33738504204038455,10.511959779064313,0.07319330725428545,10.54722235112053,-0.3780904618027093,10.471429193781377,-0.37440171812146855,10.352444788632875,-0.037404988098161084,0.009242103317634098,0.19603295596988704,-0.15185058940574747,0.13567682782828921,0.03455837658112155,0.1524724882057559,-0.218271439070431,0.06944727870794883,-0.2122951411065274,-0.1251342063307162,10.601604783286742,-0.33738504204326086,-0.15185058940782817,10.690594345743223,-0.4356608342299288,10.096166569927068,-0.48830955092808304,10.784263664988837,-0.34232638866355375,10.775806175246545,-0.06821526084405345,-0.3561496410791097,10.51195977906499,0.13567682782724147,-0.4356608342257058,10.599768116115868,0.09555905406131952,10.64590062838981,-0.5193529927488792,10.516374599368335,-0.5117964641698057,10.271459503662301,10.11641894315869,0.07319330725519664,0.03455837657908681,10.096166569934645,0.09555905406091326,10.231376665028721,0.10807012699070823,10.07484896115871,0.07431799970685343,10.076773801294836,0.011935250213689337,-0.3989555348113589,10.5472223511249,0.152472488204511,-0.4883095509194261,10.645900628393376,0.10807012699479626,10.702404948609729,-0.5823638860923596,10.552184825278982,-0.5738712355795043,10.276950139454156,10.656349246383286,-0.37809046180623407,-0.21827143907249968,10.78426366498754,-0.5193529927537425,10.074848961149858,-0.5823638861017765,10.919278412362036,-0.38543097926526376,10.906977987745453,0.008819118085869299,-0.30162794310755003,10.471429193781413,0.06944727870689098,-0.34232638866060017,10.516374599367689,0.07431799970601893,10.552184825274653,-0.3854309792616583,10.473858305513827,-0.38146087184024063,10.34832542386157,10.651394068634215,-0.37440171812488576,-0.21229514110852563,10.775806175245242,-0.5117964641745171,10.076773801286146,-0.5738712355887441,10.906977987745414,-0.38146087184373695,10.895724534108195,0.0025432895771094455,-0.14154812253594035,10.352444788631018,-0.12513420633173156,-0.06821526084490412,10.271459503659788,0.011935250209219645,10.276950139447617,0.008819118085678682,10.348325423859658,0.0025432895770148524,10.578116029681967
13.192839860916138,2.350087051440553,2.279532113114264,1.48797913713843,3.0311503140693308,2.7398025666319046,3.2145945175871278,0.9612140902753981,2.4081276185251324,3.3513792666026703,0.5775337287476858,3.303463181922216,4,7,3,5
10.668338717631219,-0.3082333886790419,-0.018680838407533974,10.61750418404479,-0.37035530844877756,10.112800369184011,-0.4149211522669776,10.679497660985204,-0.30910895289763834,10.673797734043507,-0.12851859560640322,-0.3082333886767394,10.47460704202233,0.05743840581240061,-0.3318104621494175,10.506978744785934,0.0719247639968301,10.541625791497259,-0.37030467515143944,10.469041401975305,-0.3667530359993225,10.356985016832459,-0.018680838405466336,0.05743840581345337,0.18559349472971018,-0.15147521777550607,0.13534138409046426,0.03447298094965797,0.15209579204779564,-0.2177889436636924,0.06931622279715889,-0.211799464319331,-0.12475449890518762,10.61750418404383,-0.33181046215221166,-0.15147521777758446,10.688446135733244,-0.4337414405664569,10.096655467703552,-0.48615250945381944,10.781166834556023,-0.3413375404870414,10.772797626758662,-0.06998204572439642,-0.37035530844508935,10.50697874478664,0.13534138408942115,-0.4337414405622751,10.598053166450393,0.09512223117702856,10.643973343949574,-0.5165860222117952,10.515491079205916,-0.5091083716952872,10.273038099921465,10.11280036919062,0.0719247639978027,0.03447298094762576,10.096655467711097,0.09512223117664503,10.231265399819213,0.10757921931306517,10.075553750389194,0.0740929533052965,10.077458498656567,0.012337341649254055,-0.4149211522589544,10.541625791501662,0.1520957920465567,-0.4861525094452093,10.643973343953139,0.10757921931712769,10.700239039343876,-0.5792543188618293,10.55119190796872,-0.5708503154198608,10.278724186636339,10.679497660982971,-0.37030467515487947,-0.21778894366576002,10.781166834554735,-0.5165860222166107,10.075553750380392,-0.5792543188711912,10.914812598842037,-0.38400442662152023,10.902640026289342,0.006272437396336685,-0.3091089528952059,10.469041401975373,0.06931622279610603,-0.3413375404841165,10.515491079205276,0.07409295330445181,10.551191907964395,-0.38400442661795015,10.473402384220156,-0.38007537357522314,10.349138489092782,10.673797734041306,-0.3667530360026586,-0.21179946432133187,10.77279762675737,-0.5091083716999519,10.077458498647923,-0.5708503154290473,10.902640026289303,-0.3800753735786852,10.891510561698013,6.909235927546852e-05,-0.12851859560768955,10.35698501683063,-0.12475449890620388,-0.06998204572523799,10.273038099918976,0.01233734164481197,10.278724186629828,0.006272437396148422,10.349138489090889,6.909235918302857e-05,10.576662811856993
