0.0,0.0,0.0,0.0
0.20667195320129395,0.062320118452981,0.0,0.0,0.8100211082078244,-0.4812158472226845,2.468676377828463,0.35298614316096605,2.4379597099174295,1.6280127807205265,1,3,4
0.4180588722229004,0.05201196683632097,-0.008032067772021562,0.006217718080942793,0.8037421417909014,-0.48394108242932693,2.4738020358828585,0.3591532041432293,2.4421879883660886,1.6317477990686746,1,3,4
0.6341907978057861,0.05268927606083485,-0.005880072428881976,0.00535805987156942,0.8021540644259345,-0.484008749019305,2.4760139658942095,0.36145928705690833,2.440304073014721,1.6334470183741625,1.8185652980299858,-0.4720085785529297,1,3,4,2
0.8518970012664795,0.05005123010424804,-0.007837366740884153,0.006981733727520647,0.8018109696018832,-0.4841966541046503,2.4762555527509984,0.36197745237916035,2.4399315210493526,1.6343683877105055,1.8207166301619058,-0.47127776852637954,1,3,4,2
1.0721449851989746,0.016616841188929463,0.027573791022070387,0.0052981113074153105,0.801972681131571,-0.48451845840051555,2.4755928345997655,0.3617231793476065,2.440244319098333,1.6351208731756026,1.8215034556816754,-0.47122195320206023,1,3,4,2
1.2873549461364746,0.27578263114953583,0.04883687386691961,-0.042341505857151074,0.8006622280851152,-0.486154852040892,2.4768057752947117,0.35448132942132526,2.4442999620966828,1.6289921105998966,1.8156299530308286,-0.47953265684685853,1,3,4,2
1.499497890472412,0.3197798859223556,0.002797591108027544,-0.034695352603775056,0.7965480116647489,-0.4916584990400712,2.478252202550273,0.34332910893073704,2.4518782472922194,1.6237760933936978,1.8179095785623787,-0.4882897852145339,1,3,4,2
1.7106997966766357,0.3486588008312934,-0.009136058380404245,-0.011718098965220667,0.7896114626060184,-0.49970542901040577,2.4820151134907182,0.326424999967414,2.462589321488472,1.6151386663383143,1.8175626950196369,-0.50270223861583,1,3,4,2
1.9216217994689941,0.4797163951155141,-0.03899076808170447,0.007288468355960764,0.7883534622651843,-0.5013495406176544,2.482823415299892,0.3206525159361331,2.463738575210485,1.6153326363259903,1.8145827732022302,-0.5124586065182,1,3,4,2
2.137356996536255,0.5618399971126081,-0.006383865789575973,0.008202844538620385,0.7879965853588453,-0.501823169548931,2.4830744577317896,0.31897055614593256,2.4649206594329467,1.6136637939258833,1.8142233752833938,-0.513679787305374,1,3,4,2
2.3462789058685303,0.7069374615984237,-0.01880580851222905,0.044102786273509956,0.7883895043256993,-0.5013016712684272,2.4827980774060134,0.32082242986897713,2.4636183104788096,1.6155028538241718,1.8146187944465209,-0.5123368139029947,1,3,4,2
2.5566468238830566,0.838919929956344,-0.07242750128124237,0.056455796835076955,0.7885243058773301,-0.502478677848187,2.4813983465424183,0.31736248944576906,2.4604776108860764,1.625679072329181,1.8129098386383846,-0.5267682459140941,1,3,4,2
2.772507905960083,0.972356124364112,-0.08725456421147496,0.07545038300008422,0.7804534586181502,-0.514159598322282,2.486382700185347,0.2744813460380088,2.4840685954031345,1.5968910869454933,1.8032373283671443,-0.5656039834727395,1,3,4,2
2.9836788177490234,1.1290757966395721,-0.05266309822795472,0.10357304362941959,0.7745821682988823,-0.5239768674131761,2.4893541924051727,0.23594460585484725,2.503134243923615,1.5754259492119782,1.7975411618853863,-0.596726904101755,1,3,4,2
3.1961498260498047,1.2492551493761326,-0.05348406550392666,0.04840216482278696,0.7684102055697553,-0.5321023857780565,2.4939492936796324,0.20499825997433402,2.520090950676066,1.5530892348332692,1.7899943706838848,-0.6221697492819733,1,3,4,2
3.4080519676208496,1.4051271158641057,-0.010372114287835825,0.16304555151876768,0.7714267006040224,-0.5281577864372392,2.4912591201205023,0.22303839477551088,2.5121871977550705,1.5638467556310622,1.7931617483886748,-0.6118523972530211,1,3,4,2
3.6277618408203125,1.4233315768995436,0.01135466275134752,0.23191331801992424,0.7729327745853197,-0.5261181315790497,2.4897415044883973,0.23404308032345647,2.508897761260913,1.5679938624287548,1.7946877158493142,-0.6065321910619145,1,3,4,2
3.8389837741851807,1.4280469980231272,-0.007234077258157001,0.2553643549485864,0.773772239895016,-0.5249924302649212,2.4889256210490784,0.23984051252079394,2.506945616061848,1.570525612378335,1.795544062479866,-0.6036041592654625,1,3,4,2
4.054973840713501,1.4151816688535324,-0.023871944272216374,0.3007101492108204,0.7741775986322454,-0.5244506047681692,2.488521392508972,0.24270254669023006,2.5060405903100547,1.5716891126793309,1.7959605867765287,-0.6021914907290967,1,3,4,2
4.2621119022369385,1.3812952404085352,-0.004109734746426438,0.412884912900569,0.7741220378081748,-0.5245250926820871,2.488559147459403,0.24244420143043205,2.5062308457192435,1.5714199347588984,1.795906180732088,-0.6023801989361945,1,3,4,2
4.470435857772827,1.3681645618401055,-0.03482116827340521,0.5137825724026693,0.7741087878592215,-0.524542853528292,2.4885683384971196,0.2423811741871554,2.506275514560527,1.571356905484969,1.795893177299114,-0.6024252526041726,1,3,4,2
4.682118892669678,1.3220879029511232,-0.0128152148232588,0.5986992279555692,0.7739425002601253,-0.5247657910950604,2.4886837252107323,0.24159005977267375,2.5068362071866637,1.57056577325489,1.795729983842594,-0.6029907630894047,1.5999651897430882,2.4940153917037358,1,3,4,2,5
4.89090895652771,1.2791836933979637,0.00015406813813992684,0.7097380641808686,0.7739432678845539,-0.5247647620749584,2.4886831926905035,0.2415937113682793,2.50683361923515,1.5705694249327462,1.7957307371852187,-0.6029881528303952,1.6000273907008962,2.4939497124463585,1,3,4,2,5
5.1037938594818115,1.2541928199674408,-0.033702754648965674,0.8135923242057369,0.7738974275003359,-0.5248262082200932,2.488714990162696,0.2413756586865632,2.506988156357799,1.5703513673377631,1.795685749633389,-0.6031440223190645,1.6008936654818116,2.4940472235569127,1,3,4,2,5
5.31126594543457,1.2327169532465223,-0.030550775017753665,0.9212408947172309,0.7739215032348284,-0.5247939362158036,2.488698289877319,0.2414901816898188,2.5069069922314915,1.5704658929215054,1.7957093774535262,-0.6030621584235234,1.600438697199452,2.4939960044973795,1,3,4,2,5
5.518826961517334,1.2078492251701034,-0.03566575759023942,1.0251745469260323,0.773918179939144,-0.5247983908841594,2.488700595102372,0.24147437349910247,2.5069181957273092,1.5704500843745912,1.795706115985731,-0.6030734585120358,1.6005014987776376,2.494003074524101,1,3,4,2,5
5.7287797927856445,1.1935808074327139,-0.07321029448376234,1.1203623200059774,0.7738629832088694,-0.524872378621345,2.4887388826631422,0.24121181472554193,2.5071042749677632,1.5701875196849315,1.795651946156956,-0.6032611420638213,1.6015445723109765,2.4941205008367153,1,3,4,2,5
5.939824819564819,1.2657735554114617,-0.16722867528935556,1.2540453093633446,0.7739158822246607,-0.5248021630329545,2.488655881307471,0.2418139522380487,2.507099655760411,1.5701515412564608,1.7957109974432808,-0.6030686339635012,1.5842426194121721,2.4941848577356764,0.35932237861504723,2.495910080289852,1,3,4,2,5,7
6.15207576751709,1.2737062483351425,-0.19212526950833234,1.3499263970971094,0.7746623298978448,-0.5238021988002569,2.488097960227928,0.24566871734733942,2.5047340965098805,1.5734526286977042,1.79644975289106,-0.6005196032512214,1.5339597054863268,2.484796128325372,0.3168160998134589,2.4176463317666883,1,3,4,2,5,7
6.373600959777832,1.3028794059242756,-0.20584322120617443,1.39230637440345,0.7757101861180824,-0.5223979287005291,2.4873504251397605,0.25080984000803097,2.501279330120554,1.5783084671177532,1.7974813068969577,-0.5969510020848655,1.4998865445717935,2.480255797842993,0.28229142445795824,2.3775240455397855,1,3,4,2,5,7
6.587421894073486,1.304596080207641,-0.2417825527947622,1.436937407403191,0.7764520799449856,-0.5214035993729881,2.486826945745523,0.25440598804861325,2.4988115606372303,1.5817824577102653,1.7982107653715855,-0.5944259578595816,1.4827239679140838,2.4788240138054287,0.2668606214035287,2.3570022628736127,1,3,4,2,5,7
6.800995826721191,1.2556828438912417,-0.21731194440154772,1.5029706133026168,0.7766807485118294,-0.5210970997310126,2.4866672459641963,0.2555019192975676,2.4980447467169995,1.5828634685615213,1.7984353467961292,-0.5936481304094142,1.478796439529,2.4786639808822204,0.26300537222747183,2.3526251987490823,1,3,4,2,5,7
7.008551836013794,1.2096908042606491,-0.17112412302907404,1.5622585249173027,0.7766807485118294,-0.5210970997310126,2.4866672459641963,0.2555019192975676,2.4980447467169995,1.5828634685615213,1.7984353467961292,-0.5936481304094142,1.478796439529,2.4786639808822204,0.26300537222747183,2.3526251987490823,1,3,4,2,5,7
7.213369846343994,1.1917069472392563,-0.07068419741040241,1.5629907583062919,0.7766807485118294,-0.5210970997310126,2.4866672459641963,0.2555019192975676,2.4980447467169995,1.5828634685615213,1.7984353467961292,-0.5936481304094142,1.478796439529,2.4786639808822204,0.26300537222747183,2.3526251987490823,1,3,4,2,5,7
7.4238739013671875,1.1265961350740932,-0.2856923953007748,1.7194886773093891,0.7436121170149887,-0.5654275699626035,2.509339217045218,0.10021798337763743,2.610525756507528,1.4239043471341504,1.766023023402198,-0.7060178601661661,1.7048374552979277,2.432405888979387,0.509119747582113,2.4769222905403745,-0.2611870907488466,1.9164386291037847,1,3,4,2,5,7,8
7.637358903884888,1.196626538095532,-0.2724243708612347,1.737594792547922,0.7348286766090608,-0.5772022567269106,2.515362387068947,0.058963100558580755,2.6403971304911353,1.3816909377327238,1.757413708145946,-0.7358649061696656,1.7699324607733955,2.421794762030129,0.5707036319342568,2.511310557356781,-0.21209408167155466,1.9429428219204075,1,3,4,2,5,7,8
7.845644950866699,0.8855575724793442,-0.11729789226557095,1.8015492286921788,0.7337385172336394,-0.578663739377436,2.5161048166205964,0.05388158882492237,2.644123845246551,1.3764197810839256,1.756345951338265,-0.739567959275533,1.767125828541178,2.417179739914599,0.5832827498272097,2.509784812205871,-0.18948731298790267,1.9388584500968942,1,3,4,2,5,7,8
8.057832956314087,0.9496473109572835,-0.06180865678510769,1.7433223375672677,0.7238704155990319,-0.5918925196342419,2.5228721537907837,0.007529726274627026,2.677683091999756,1.3289951099905177,1.7466734325067836,-0.7731010167905709,1.8414167485480966,2.4056411750210267,0.6517806088286908,2.548759021986522,-0.24194450381965507,1.9473326894474945,1,3,4,2,5,7,8
8.264540910720825,0.8763348956659303,0.04147417762505819,1.7420589442014227,0.7235077069352976,-0.5923787450741838,2.5231213586897794,0.005822490114122497,2.6789148226125836,1.3272548979856098,1.7463178403416793,-0.7743336722758982,1.8451421949972409,2.4055184995973207,0.6538446196300425,2.5507204744177314,-0.24182586336396897,1.9496506183395501,1,3,4,2,5,7,8
8.470528841018677,0.845450873553633,0.3135755531204301,1.7455910763344802,0.7234801930077471,-0.5924156289828212,2.5231402324773597,0.005693212190942024,2.679008370370302,1.3271227045724159,1.7462908708827807,-0.7744271692869744,1.845361658800845,2.4054901049375053,0.6540295321405103,2.5508353167778,-0.24171299850486805,1.9498333453642875,1,3,4,2,5,7,8
8.67676591873169,0.8440777022430792,0.40388196593885417,1.7230311915950394,0.723374738959248,-0.592556996270641,2.523212538868933,0.005197965082574422,2.679367035944486,1.3266158408950401,1.7461875085963523,-0.7747855112349509,1.8461357335965758,2.405361017712959,0.6547682139388813,2.551239219994703,-0.24117837620021385,1.9505598624747464,1,3,4,2,5,7,8
8.88833498954773,1.0102859821316748,0.45209151798387986,1.7967948453418081,0.726836822656859,-0.587915898827578,2.520838176327193,0.02146116382376545,2.6675940969258845,1.3432527994822414,1.7495810047372775,-0.7630209541960258,1.8197223233206685,2.409306456988484,0.6309225025644741,2.53735691862069,-0.29881410304238565,1.9200987444627187,1,3,4,2,5,7,8
9.103063821792603,0.8522635028661224,0.5175414640649857,1.7547540659855352,0.726272962684006,-0.5886717890964919,2.5212252971242006,0.018809415679784624,2.6695101348402206,1.3405455288042691,1.7490282558413803,-0.764937166663124,1.8247739834030816,2.4088863862657983,0.634524400189233,2.5400602677045017,-0.3287629779816784,1.9056045396423777,1,3,4,2,5,7,8
9.314212799072266,0.8090476837673428,0.6989107301095242,1.7318954239341364,0.7252826855858735,-0.5899992863235652,2.5219065713013316,0.014141586793105369,2.6728697533085906,1.3357998066423125,1.7480572726241175,-0.768302849759575,1.8367809321977018,2.4091054783506722,0.6393478600082234,2.546411483175951,-0.33969586569834825,1.9074787338961503,1,3,4,2,5,7,8
9.527852773666382,0.7092785127892743,0.8572033902123318,1.629625729306039,0.7223533745728885,-0.5939261670289842,2.5239175033749373,0.0003664548022364487,2.682823845136784,1.3217349365610456,1.745185698066847,-0.7782575676876106,1.8632243585816373,2.407008423486086,0.6576895180135877,2.5603335824476536,-0.3386123209301691,1.9197003064543263,1,3,4,2,5,7,8
9.735690832138062,0.8599169663116291,1.0458530100726304,1.7018118199074859,0.7219194140972711,-0.5945079067282827,2.52421589750209,-0.001677919283638733,2.6842966781011195,1.3196543042319546,1.7447602163433462,-0.7797324387341233,1.8681757817699867,2.407011468090653,0.6599362239997505,2.5629425584235324,-0.3424495180236967,1.9215765195246537,1,3,4,2,5,7,8
9.946073770523071,0.8168086030524702,1.1188780643111527,1.6631013052798902,0.718677368412885,-0.5988540403695299,2.5264399157522948,-0.01691160384172953,2.6953194340274838,1.3040779831380023,1.741582316858159,-0.7907494764845016,1.8940605872937495,2.4036661011220475,0.6817638366144728,2.5765496897648115,-0.32870765058374773,1.9362679067823658,1,3,4,2,5,7,8
10.157655954360962,0.8350336280257574,1.238042399318463,1.6440178166174204,0.7170225355018781,-0.6010723821160372,2.5275786551945263,-0.02471410950776172,2.7009324667395,1.2961493834925228,1.7399596797731702,-0.7963738516746784,1.9148284382130114,2.404250021978493,0.6894515486810153,2.587493770725666,-0.3175954882650366,1.9566735506023463,1,3,4,2,5,7,8
10.370704889297485,0.8573748679156122,1.3627926471629628,1.742416470747081,0.7165913954875155,-0.6016503395882224,2.527875021218597,-0.02674454679069813,2.7023960322702045,1.2940817615732287,1.7395369763619815,-0.7978391061135132,1.9195687676115527,2.4041988588857257,0.6917605859729258,2.5899900075242073,-0.31489675088349817,1.960940949242407,1,3,4,2,5,7,8
10.582960844039917,0.8726530128772207,1.3839500045219488,1.8431999076668597,0.7167907974096377,-0.6013830199108336,2.5277389100201493,-0.02581273738688613,2.701715521177517,1.2950440102563214,1.739732328119567,-0.7971616848817916,1.919411646196889,2.404838887447434,0.6897669970217327,2.5899204219976717,-0.3122712031700139,1.9626391647255252,1,3,4,2,5,7,8
10.794899940490723,0.8727944711906095,1.3856090194318196,1.9253993234658149,0.7168117789987354,-0.6013548902802494,2.5277246888640144,-0.025715455585206583,2.701643534808887,1.295145890668507,1.7397528679125887,-0.7970904318559566,1.9196127944291732,2.4049723503321774,0.6894566952855246,2.590027414516177,-0.31137379075600363,1.9634878041248325,1,3,4,2,5,7,8
11.005956888198853,0.902110910039605,1.3990943927596546,1.960159253448171,0.7166364051694545,-0.60158999408684,2.527844611640077,-0.026536599511680147,2.702241237492418,1.2943009265329586,1.7395810231569284,-0.797686279929386,1.9201999107080971,2.4045451126791586,0.6910075529173789,2.590330398914732,-0.3122486060019536,1.9627482962199534,1,3,4,2,5,7,8
11.21796989440918,0.8907313169558412,1.3717494278774829,2.0366107331407948,0.7167550959612341,-0.6014308785450303,2.5277634657410064,-0.02598098361615356,2.7018366581501247,1.2948728895964,1.739697322986379,-0.7972830218478751,1.9198376716538461,2.4048449193558348,0.6899417893642402,2.5901438501050125,-0.3115546389026898,1.9633498509557836,1,3,4,2,5,7,8
11.430741786956787,0.8685783822517743,1.3372506831931046,2.14077231276995,0.7168429596069051,-0.6013130885671846,2.527703458899988,-0.02557015671491087,2.701536919403725,1.2952966943505164,1.739783406852479,-0.7969845175607599,1.9197067843745108,2.405108586217017,0.6890891961398152,2.590077536376355,-0.3106570212594484,1.964249106641133,1,3,4,2,5,7,8
11.64370083808899,0.9238132252612447,1.3426319717519037,2.217963735020645,0.7167712535571447,-0.6014092162981532,2.5277525215826455,-0.025906124074492127,2.7017811949291803,1.2949513917724853,1.7397131392276615,-0.7972281530344324,1.9200103146160346,2.4049532036549524,0.6896938116942348,2.5902345286567012,-0.31083932673836073,1.964165287261126,1,3,4,2,5,7,8
11.856406927108765,0.9548161821220701,1.2801140101677262,2.336425559561247,0.7168137880427461,-0.601352195025374,2.5277234431051347,-0.025707021135941113,2.701636203502766,1.295156370620234,1.739754816680961,-0.7970836402701631,1.9198832722012797,2.405061486019905,0.6893105948556213,2.590169123927436,-0.3105829212631904,1.964390175025662,1,3,4,2,5,7,8
12.07509994506836,0.9565039650140273,1.2435384433511703,2.4246487783494524,0.716772052952417,-0.6014081443517392,2.5277519938885047,-0.025902524950255152,2.7017783988420967,1.2949553616889382,1.7397139196006803,-0.7972254420972023,1.920048701365016,2.4049676335148016,0.6896677074894647,2.590254622897652,-0.31072045409976373,1.9643042627226743,1,3,4,2,5,7,8
12.290712833404541,1.000735498102183,1.268776858567243,2.4802500035450064,0.7166553881118621,-0.6015645428468419,2.527831825722692,-0.026449196318909195,2.7021758038165418,1.2943936054013756,1.7395995939020805,-0.7976218359488462,1.9205587288812502,2.4047197488383825,0.6906439051840955,2.590518512863788,-0.31097178335516656,1.9642213873748422,1,3,4,2,5,7,8
12.504118919372559,1.0305712168826247,1.2367096060554426,2.570660710285639,0.7166308583436473,-0.6015974264865368,2.5278486416504067,-0.026564371040711784,2.702259245837066,1.2942756826815391,1.7395755512138502,-0.7977051893119428,1.9207323264113094,2.4046878014042075,0.6908183961561521,2.590608701690774,-0.310839006038946,1.9644232646080428,1,3,4,2,5,7,8
12.721300840377808,1.0116582848826936,1.1765345421000686,2.6777108914799044,0.7166709637525206,-0.6015436612733643,2.52782124581442,-0.02637680573945218,2.7021224514011974,1.2944690930928169,1.7396148451218472,-0.7975689353445214,1.9206602676691757,2.4048044086696247,0.6904349384671238,2.5905719923101076,-0.3104637377752947,1.964793039650876,1,3,4,2,5,7,8
12.940157890319824,1.021387919338675,1.2001168143811882,2.750736179844353,0.7166372689267441,-0.6015888231822697,2.527844296668334,-0.02653458358279115,2.7022373155190778,1.2943067365534644,1.7395818284653544,-0.7976834197887558,1.9207729919015968,2.404722299273397,0.6907329864872598,2.59063014178588,-0.3106331566754798,1.9646547305421218,-0.4657240081662152,0.46249819711651724,1,3,4,2,5,7,8,0
13.150821924209595,1.052436642342857,1.1508246202868346,2.8501621988752044,0.7166468895283732,-0.6015759193651826,2.5278377029807304,-0.026489422774591855,2.702204576934903,1.2943530111208503,1.7395912576136365,-0.7976507211455877,1.9207105373033706,2.404736549683875,0.6906619353093222,2.5905977225820656,-0.3106694752523422,1.9645941789406551,-0.46424144624990277,0.44796281969288765,1,3,4,2,5,7,8,0
13.361954927444458,1.0848926113710287,1.0819114471440523,2.891086793548996,0.7166576413812044,-0.6015615034738239,2.527830333550155,-0.02643894928243463,2.7021679953461444,1.294404712563472,1.739601795701517,-0.7976141834447547,1.9206381166035862,2.404751671715371,0.6905837491545488,2.5905601134870047,-0.31071740473326503,1.9645178281300648,-0.4636936539572882,0.44295413191767535,1,3,4,2,5,7,8,0
13.575069904327393,1.0919373418424285,1.1003210457104537,2.918107103294692,0.7166301489077896,-0.6015983586728321,2.5278491778467154,-0.02656801340965504,2.7022615267306564,1.294272529154888,1.7395748495803696,-0.7977076035205377,1.9208265171988308,2.4047139918252536,0.6907821740225053,2.5906579720938874,-0.310585834471301,1.964723715798478,-0.46396936038890485,0.44217737563194276,1,3,4,2,5,7,8,0
13.787592887878418,1.1015530033775334,1.0839232843066662,2.923977962655374,0.7166480726630389,-0.6015743298917502,2.5278368924165417,-0.026483870530866333,2.7022005476194466,1.2943587090290294,1.739592417100727,-0.7976466971289696,1.9207042176583269,2.4047387191707283,0.6906525651972778,2.590594450659023,-0.31067013301492413,1.9645912356174982,-0.46364035915106433,0.4404951751238629,1,3,4,2,5,7,8,0
13.998799800872803,1.0997835908751221,1.0727197287821093,2.9248546335772896,0.7166340435198612,-0.6015931372265629,2.5278465084125608,-0.02654973038468044,2.7022482763684867,1.2942912557777044,1.739578666775373,-0.7976943690036709,1.9208000970208317,2.4047194119526925,0.6907539400808118,2.590644250569223,-0.3106037205350912,1.9646954390518738,-0.4638541996514667,0.4411738445262714,1,3,4,2,5,7,8,0
14.212610960006714,1.1177950527951592,1.0015154282792245,2.873958736796661,0.7165942236834972,-0.6016465180213734,2.5278738023007308,-0.026736665582135978,2.702383746425914,1.2940998023785133,1.7395396382735302,-0.7978296778306448,1.9210729332503778,2.4046648240804944,0.6910413559898526,2.5907859662976214,-0.3104132712555083,1.9649935078308776,-0.46426410565574155,0.4402189635135726,1,3,4,2,5,7,8,0
14.422791004180908,1.0136783022325042,1.015363789126334,2.8949503879543346,0.7166160429204869,-0.6016172677017034,2.52785884669413,-0.026634234884614517,2.702309515301451,1.2942047100880238,1.7395610238846602,-0.7977555351092411,1.920923631465633,2.404694796265271,0.6908837745329063,2.5907084176083237,-0.310517072163009,1.964830838251303,-0.463983250635128,0.4399197858122853,1,3,4,2,5,7,8,0
14.634686946868896,0.87105984344935,1.088687270077867,2.9823166168806345,0.7166544783146377,-0.6015657408510459,2.5278325020202166,-0.02645380029760332,2.7021787528073067,1.2943895125798424,1.7395986953770812,-0.7976249285451761,1.9206613441801559,2.4047478118973378,0.6906058576326928,2.5905721874430374,-0.31069792514823075,1.9645466499532867,-0.46328641874119036,0.4364378985092814,1,3,4,2,5,7,8,0
14.850444793701172,0.8613226925912393,1.1464528707229,3.0215281537741796,0.7168321192147146,-0.6013275977184983,2.52771074153729,-0.025619864203334217,2.7015743988311116,1.2952436228136917,1.7397728058310011,-0.7970212946421468,1.9194469954324775,2.4049921940556205,0.6893223590185905,2.5899414508005374,-0.31153969138596205,1.9632262122596178,-0.46066302418651334,0.4290774578160254,1,3,4,2,5,7,8,0
15.062090873718262,0.6943292908427228,1.1334022078693695,3.065232149741032,0.7168537585597629,-0.6012985856859959,2.5276959096256086,-0.025518279913698223,2.701500776218796,1.2953476735370186,1.7397940150092337,-0.7969477601465238,1.919300465695224,2.405022391220525,0.6891653609619925,2.589865351030576,-0.31163832396297797,1.9630699828253697,-0.4599478749940567,0.42239699341967957,1,3,4,2,5,7,8,0
15.272066831588745,0.6867528512076473,1.148232413144342,3.0802961117282344,0.7169005737812297,-0.6012358261244567,2.5276638210022098,-0.025298505404083557,2.701341506062056,1.2955727635809235,1.7398398998354216,-0.7967886797060668,1.9189802612960194,2.405086741201003,0.6888271917057353,2.5896990347927846,-0.31186065631104626,1.9627214119232592,-0.4593065749340864,0.4211892505784698,1,3,4,2,5,7,8,0
15.490733861923218,0.4624294954807727,1.0823486145167556,3.140245749846475,0.7170079461603183,-0.601091883255704,2.5275902248155977,-0.024794445778044658,2.700976212359384,1.2960890199819157,1.7399451382560247,-0.7964238213675285,1.9182467076853835,2.4052345895131086,0.6880511952433221,2.5893180272960143,-0.31236821443012486,1.9619247532169515,-0.45759588305078613,0.4149123960547933,1,3,4,2,5,7,8,0
15.698972940444946,0.33318183082900976,1.0314603915567346,3.1475417100724106,0.7169999669289191,-0.601102579996545,2.527595694039519,-0.024831904396207343,2.7010033584460373,1.2960506555820035,1.7399373175996986,-0.7964509351278822,1.918301315416964,2.4052236313774644,0.6881088183732066,2.589346391092924,-0.31233023094400186,1.9619842691446732,-0.45769618168773907,0.4149865787246521,1,3,4,2,5,7,8,0
15.918993949890137,0.239700667040253,1.0725181289386605,3.203399058225796,0.7170713803249906,-0.6010068451394132,2.5275467449821214,-0.02449665316592138,2.700760403438725,1.296394013471355,1.7400073117633346,-0.7962082694377755,1.9178125803512127,2.405321705441784,0.6875930969813483,2.589092537251832,-0.3126701820149795,1.9614516042544112,-0.4567987529986793,0.41432608653493197,1,3,4,2,5,7,8,0
16.130568981170654,0.08772550227320648,1.0650110827328059,3.3036512359203933,0.7171006274064938,-0.6009676372971419,2.5275266980840603,-0.024359352314882458,2.7006609021505725,1.296534634373413,1.7400359776036562,-0.796108886638371,1.9176124207860925,2.4053618712973552,0.6873818852702362,2.5889885723882533,-0.31280940766768395,1.9612334533987414,-0.456431214533044,0.4140555844995763,1,3,4,2,5,7,8,0
16.341967821121216,-0.0266784075208382,1.1254265856603651,3.4052447111535282,0.7171744238766439,-0.6008687077556931,2.527476115590413,-0.024012913708549195,2.7004098397038714,1.296889450159052,1.7401083074814045,-0.7958581231634279,1.9171073765692515,2.4054632181056315,0.6868489541901646,2.5887262474123083,-0.3131607029489865,1.960683013413579,-0.4555038385346796,0.4133730515988053,1,3,4,2,5,7,8,0
16.560478925704956,-0.21011441891762944,1.0609779210549182,3.500714832090495,0.7172177700558972,-0.600810599046315,2.527446404713561,-0.023809424437316578,2.700262371975451,1.2970978599734366,1.740150792221391,-0.7957108310434529,1.9168107263756917,2.4055227466563784,0.6865359239587797,2.588572164359192,-0.31336704490820516,1.9603596988943817,-0.4549591213391475,0.41297214904339935,1,3,4,2,5,7,8,0
16.76937699317932,-0.23837403244251013,1.035546557104896,3.599956957156103,0.7172568738208125,-0.6007581776022525,2.5274196017250663,-0.02362585124212059,2.7001293373347033,1.2972858721241758,1.7401891188585603,-0.7955779548238509,1.9165431101836568,2.4055764489778815,0.6862535308899946,2.5884331618544665,-0.313553191590668,1.9600680280903988,-0.4544677171709755,0.4126104839658635,1,3,4,2,5,7,8,0
16.981477975845337,-0.26390413032242394,0.9843013765027901,3.6932793635468038,0.7172795716148929,-0.6007277495566331,2.5274040439209795,-0.02351929611648827,2.7000521173307526,1.2973950038431123,1.7402113655685678,-0.7955008267755096,1.9163877722709888,2.4056076205092607,0.6860896157340267,2.5883524778017732,-0.3136612404978884,1.9598987276697764,-0.4541824814489525,0.4124005553445715,1,3,4,2,5,7,8,0
17.18647789955139,-0.24075523812329386,0.8976622534287191,3.7831538181610407,0.7172795716148929,-0.6007277495566331,2.5274040439209795,-0.02351929611648827,2.7000521173307526,1.2973950038431123,1.7402113655685678,-0.7955008267755096,1.9163877722709888,2.4056076205092607,0.6860896157340267,2.5883524778017732,-0.3136612404978884,1.9598987276697764,-0.4541824814489525,0.4124005553445715,1,3,4,2,5,7,8,0
17.396897792816162,-0.1827994987458144,0.828347495145186,3.872095599391304,0.7172520457123209,-0.6007646500332259,2.527422911067188,-0.023648516867910356,2.700145763008294,1.2972626584243327,1.7401843867013689,-0.7955943609373177,1.9165761525265625,2.405569818398063,0.6862883977212652,2.5884503243751302,-0.3135302082186011,1.9601040404357186,-0.45452839042436327,0.4126551384444213,1,3,4,2,5,7,8,0
17.605426788330078,-0.15714644447254558,0.7941806198896224,3.9607659087254135,0.7172375486194374,-0.6007840844417874,2.527432847844749,-0.023716573682067196,2.700195083464976,1.2971929559386923,1.7401701777161174,-0.7956436226619049,1.9166753669321692,2.4055499091247596,0.6863930904166282,2.588501857321546,-0.3134611973253671,1.960212172702417,-0.4547105706283603,0.4127892199640168,1,3,4,2,5,7,8,0
17.814904928207397,-0.12266256567005077,0.7276546953267259,4.051223769353947,0.7172281467894697,-0.600796688279418,2.527439292163883,-0.023760710710089797,2.7002270693639,1.2971477516399006,1.7401609627331949,-0.7956755704711798,1.9167397106581392,2.405536997322105,0.6864609869893115,2.5885352780910638,-0.31341644154644527,1.9602822999474923,-0.4548287203370792,0.4128761761323449,1,3,4,2,5,7,8,0
18.023327827453613,-0.11627722989677595,0.6972862337146233,4.139451716070024,0.7172238616352653,-0.6008024328406362,2.5274422293475296,-0.023780827429052288,2.7002416478565676,1.2971271484816131,1.7401567627399013,-0.7956901316033955,1.9167690371604058,2.4055311123969765,0.6864919328035717,2.5885505105672406,-0.3133960428139783,1.960314262454802,-0.45488257046229796,0.41291580890506846,1,3,4,2,5,7,8,0
18.229530811309814,-0.09073235593808417,0.6191830485926401,4.227504809863125,0.7172167725376158,-0.6008119362922013,2.5274470884449376,-0.023814107301448104,2.700265765625306,1.2970930638736793,1.740149814527266,-0.7957142206520612,1.9168175531363492,2.405521376735923,0.6865431276704725,2.588575710246393,-0.31336229639564833,1.9603671392766482,-0.4549716568237031,0.41298137494600135,1,3,4,2,5,7,8,0
18.43577480316162,-0.07251050008089185,0.5181068376234015,4.315390774448912,0.7172167725376158,-0.6008119362922013,2.5274470884449376,-0.023814107301448104,2.700265765625306,1.2970930638736793,1.740149814527266,-0.7957142206520612,1.9168175531363492,2.405521376735923,0.6865431276704725,2.588575710246393,-0.31336229639564833,1.9603671392766482,-0.4549716568237031,0.41298137494600135,1,3,4,2,5,7,8,0
18.642460823059082,-0.05502825027103242,0.4200543961709783,4.400149582073361,0.7172167725376158,-0.6008119362922013,2.5274470884449376,-0.023814107301448104,2.700265765625306,1.2970930638736793,1.740149814527266,-0.7957142206520612,1.9168175531363492,2.405521376735923,0.6865431276704725,2.588575710246393,-0.31336229639564833,1.9603671392766482,-0.4549716568237031,0.41298137494600135,1,3,4,2,5,7,8,0
18.84922695159912,-0.03839092663700506,0.32570372386147983,4.481235005287872,0.7172167725376158,-0.6008119362922013,2.5274470884449376,-0.023814107301448104,2.700265765625306,1.2970930638736793,1.740149814527266,-0.7957142206520612,1.9168175531363492,2.405521376735923,0.6865431276704725,2.588575710246393,-0.31336229639564833,1.9603671392766482,-0.4549716568237031,0.41298137494600135,1,3,4,2,5,7,8,0
19.055956840515137,-0.022687808048528373,0.23564572790746405,4.558177415214792,0.7172167725376158,-0.6008119362922013,2.5274470884449376,-0.023814107301448104,2.700265765625306,1.2970930638736793,1.740149814527266,-0.7957142206520612,1.9168175531363492,2.405521376735923,0.6865431276704725,2.588575710246393,-0.31336229639564833,1.9603671392766482,-0.4549716568237031,0.41298137494600135,1,3,4,2,5,7,8,0
